RH2M,T2MDEW,QV2M,T2MWET,PS,PSC,TS,T2M_MAX,T2M_MIN,ALLSKY_SFC_UV_INDEX,WS50M,WD50M,WSC,LATITUDE,LONGITUDE,Target_Rain
72,16.3,11.76,16.3,1007.3,1008.5,23.4,29.0,16.5,4.15,18.76,193,4.86,19.08,83.81,0
76,18.0,13.28,18.2,1007.6,1008.8,24.5,29.8,18.6,3.85,19.58,199,5.07,19.08,83.81,0
81,19.1,13.94,18.9,1005.2,1006.4,24.2,27.6,19.8,2.95,14.99,271,3.88,19.08,83.81,1
86,19.5,14.21,19.2,1003.6,1004.8,23.5,26.5,20.0,2.35,11.07,299,2.87,19.08,83.81,1
75,17.0,12.44,17.1,1004.8,1006.0,23.6,27.4,18.6,4.03,18.63,6,4.83,19.08,83.81,0
70,14.5,10.75,14.9,1007.1,1008.3,22.4,27.3,16.6,4.91,13.1,330,3.39,19.08,83.81,0
75,15.6,11.54,15.9,1006.1,1007.3,22.4,27.9,16.7,4.67,17.14,167,4.44,19.08,83.81,0
74,16.2,12.05,16.6,1004.4,1005.6,23.3,29.7,16.8,4.62,18.5,174,4.79,19.08,83.81,0
76,18.1,13.5,18.4,1003.7,1004.9,24.7,30.4,17.9,4.05,13.5,202,3.5,19.08,83.81,0
73,17.1,12.48,17.2,1004.9,1006.1,24.1,28.0,18.7,3.75,22.28,6,5.78,19.08,83.81,1
61,13.5,9.9,14.0,1006.1,1007.3,23.3,27.9,17.2,5.0,14.04,12,3.64,19.08,83.81,0
56,9.3,8.14,11.2,1004.7,1005.9,21.5,27.7,12.9,5.25,10.12,21,2.62,19.08,83.81,0
59,10.6,8.92,12.4,1002.7,1003.9,22.1,29.2,14.4,5.17,16.47,178,4.27,19.08,83.81,0
71,14.5,11.37,15.7,1002.9,1004.1,23.0,30.9,15.2,4.89,18.76,187,4.86,19.08,83.81,0
69,14.9,11.59,16.1,1003.9,1005.1,23.8,31.3,16.8,5.08,18.76,166,4.86,19.08,83.81,0
69,13.9,11.1,15.4,1004.1,1005.3,23.1,30.3,16.2,5.06,19.58,172,5.07,19.08,83.81,0
73,15.9,12.18,16.8,1004.4,1005.6,23.7,31.2,15.8,4.83,24.03,172,6.23,19.08,83.81,0
71,16.3,12.75,17.6,1004.4,1005.6,24.9,30.9,17.6,4.5,19.58,165,5.07,19.08,83.81,0
68,16.2,12.43,17.3,1004.1,1005.3,25.2,31.2,18.8,4.51,18.63,137,4.83,19.08,83.81,0
65,16.1,12.09,17.0,1005.1,1006.3,25.5,31.1,18.0,4.62,19.04,174,4.93,19.08,83.81,0
69,16.8,12.89,17.9,1006.8,1008.0,25.6,31.6,19.0,4.98,23.36,170,6.06,19.08,83.81,0
69,15.8,12.74,17.7,1007.0,1008.2,25.4,32.0,18.9,4.97,22.54,165,5.84,19.08,83.81,0
66,16.4,12.65,17.7,1005.2,1006.4,26.0,32.2,18.8,5.0,22.54,157,5.84,19.08,83.81,0
63,16.2,12.23,17.3,1004.5,1005.7,26.2,31.9,19.3,4.66,17.01,99,4.41,19.08,83.81,0
69,16.3,12.62,17.5,1004.1,1005.3,25.2,30.9,18.1,5.18,23.49,125,6.09,19.08,83.81,0
61,15.8,12.0,17.1,1002.5,1003.7,26.4,31.4,20.6,4.7,20.39,39,5.28,19.08,83.81,0
51,11.9,9.73,14.6,1002.3,1003.5,25.9,32.2,16.8,5.43,19.04,111,4.93,19.08,83.81,0
71,19.0,14.51,19.7,1002.1,1003.3,27.0,33.2,20.3,4.53,26.46,172,6.86,19.08,83.81,0
68,18.4,14.47,19.8,1003.1,1004.3,27.7,33.7,20.7,4.56,14.72,186,3.82,19.08,83.81,0
64,17.6,13.38,18.7,1002.5,1003.7,27.4,32.4,21.0,4.55,9.99,321,2.59,19.08,83.81,0
56,14.2,10.81,15.8,1002.8,1004.0,26.1,31.3,18.9,4.97,24.16,57,6.26,19.08,83.81,0
74,18.4,13.79,18.8,1004.0,1005.2,25.5,31.0,19.2,4.64,21.33,188,5.53,19.08,83.81,0
78,19.0,14.25,19.3,1006.2,1007.4,25.2,30.6,20.0,4.37,21.87,215,5.67,19.08,83.81,0
76,18.9,14.22,19.3,1006.3,1007.5,25.6,31.1,20.2,4.72,22.28,198,5.78,19.08,83.81,0
84,19.9,14.73,19.8,1004.8,1006.0,24.5,27.8,20.8,2.36,23.36,193,6.06,19.08,83.81,0
85,20.5,15.39,20.5,1003.7,1004.9,25.0,29.4,20.7,3.73,15.12,197,3.92,19.08,83.81,1
80,19.8,14.74,19.8,1004.0,1005.2,25.3,30.0,20.4,4.59,22.41,207,5.81,19.08,83.81,1
86,20.1,15.0,20.1,1004.6,1005.8,24.4,27.5,20.4,3.16,18.63,198,4.83,19.08,83.81,1
83,19.0,13.85,18.8,1005.7,1006.9,23.7,27.9,19.4,3.33,19.44,309,5.04,19.08,83.81,1
84,16.6,11.76,16.2,1007.7,1008.9,20.9,22.5,17.6,1.89,17.28,348,4.48,19.08,83.81,1
72,16.0,11.77,16.3,1006.7,1007.9,23.4,28.9,16.5,5.19,17.55,258,4.55,19.08,83.81,0
74,17.0,12.63,17.4,1006.9,1008.1,24.1,30.0,17.6,5.41,18.63,202,4.83,19.08,83.81,0
64,14.1,11.11,15.7,1006.9,1008.1,24.4,30.8,16.9,5.75,13.23,10,3.43,19.08,83.81,0
63,13.6,11.03,15.6,1004.9,1006.1,24.5,32.6,16.5,5.89,16.07,30,4.16,19.08,83.81,0
54,13.5,10.62,15.7,1001.8,1003.0,26.4,34.1,17.4,5.99,13.77,77,3.57,19.08,83.81,0
57,14.8,11.55,16.8,1002.4,1003.6,26.9,33.9,19.6,5.98,13.23,96,3.43,19.08,83.81,0
61,16.0,12.57,17.9,1004.2,1005.4,27.2,33.5,19.4,5.99,24.16,139,6.26,19.08,83.81,0
66,16.9,13.6,18.9,1004.8,1006.0,27.2,33.9,19.3,5.86,14.58,47,3.78,19.08,83.81,0
58,12.5,11.95,17.3,1004.2,1005.4,27.2,34.2,19.1,6.26,23.9,139,6.19,19.08,83.81,0
64,16.2,13.59,19.0,1004.6,1005.8,27.7,34.2,20.9,5.85,26.33,151,6.82,19.08,83.81,0
65,17.8,13.8,19.2,1004.8,1006.0,27.7,33.8,20.7,5.77,27.14,175,7.04,19.08,83.81,0
61,16.0,12.54,17.9,1006.7,1007.9,27.2,33.6,20.2,5.99,22.01,170,5.7,19.08,83.81,0
58,14.4,11.35,16.5,1007.3,1008.5,26.4,33.4,18.8,6.09,22.68,184,5.88,19.08,83.81,0
54,12.7,10.84,16.1,1005.8,1007.0,26.8,34.5,17.6,6.03,23.36,162,6.06,19.08,83.81,0
63,16.3,12.85,18.1,1003.0,1004.2,27.0,34.0,18.7,5.29,23.9,168,6.19,19.08,83.81,0
72,19.1,14.72,19.9,1001.7,1002.9,27.0,32.2,21.1,3.93,25.38,194,6.58,19.08,83.81,1
69,17.4,13.75,18.9,1002.8,1004.0,26.6,32.7,20.0,5.26,17.42,61,4.51,19.08,83.81,0
48,10.1,9.48,14.6,1003.5,1004.7,26.5,32.8,18.3,6.34,17.69,21,4.58,19.08,83.81,0
55,13.4,10.68,15.7,1002.9,1004.1,26.2,32.7,18.1,6.25,30.38,145,7.87,19.08,83.81,0
63,15.8,12.48,17.6,1002.0,1003.2,26.5,33.2,18.6,6.02,27.4,158,7.1,19.08,83.81,0
61,15.5,12.52,17.8,1002.2,1003.4,27.1,33.4,19.1,6.03,23.09,188,5.98,19.08,83.81,0
61,15.5,12.45,17.7,1002.0,1003.2,27.0,33.0,19.7,4.54,23.49,167,6.09,19.08,83.81,0
57,15.7,12.81,18.5,1000.8,1002.0,28.6,35.5,20.1,5.87,23.09,169,5.98,19.08,83.81,0
64,18.6,13.97,19.4,1000.7,1001.9,28.1,34.4,21.4,4.94,18.63,183,4.83,19.08,83.81,0
67,19.2,14.46,19.8,1000.4,1001.6,27.9,33.4,21.1,4.37,23.76,177,6.16,19.08,83.81,0
69,19.9,14.97,20.3,1001.5,1002.7,28.0,32.5,22.3,4.69,26.6,175,6.9,19.08,83.81,0
68,20.6,15.73,21.2,1002.6,1003.8,29.1,33.6,23.5,4.22,22.68,183,5.88,19.08,83.81,0
71,20.7,15.86,21.2,1002.2,1003.4,28.5,32.0,22.6,4.67,20.25,224,5.25,19.08,83.81,0
69,19.9,15.62,21.0,1001.0,1002.2,28.7,34.3,22.2,4.42,23.09,228,5.98,19.08,83.81,0
68,20.7,16.13,21.6,1000.9,1002.1,29.5,34.9,22.2,5.25,16.2,172,4.2,19.08,83.81,0
65,20.3,15.97,21.6,1000.9,1002.1,30.1,36.3,23.0,5.85,26.46,174,6.86,19.08,83.81,0
62,19.7,15.93,21.8,1002.4,1003.6,30.9,37.0,23.7,5.83,24.3,175,6.3,19.08,83.81,0
60,19.0,15.32,21.3,1002.7,1003.9,30.8,38.1,23.6,6.18,25.24,169,6.54,19.08,83.81,0
61,18.4,15.14,21.0,1001.8,1003.0,30.3,38.1,22.6,6.54,29.84,171,7.74,19.08,83.81,0
63,19.1,15.1,20.8,1002.1,1003.3,29.7,36.2,22.2,6.45,27.81,166,7.21,19.08,83.81,0
59,18.7,14.97,21.0,1002.8,1004.0,30.7,37.1,22.2,5.87,29.3,175,7.59,19.08,83.81,0
58,19.4,15.05,21.2,1003.7,1004.9,31.1,37.6,23.5,5.93,22.41,172,5.81,19.08,83.81,0
56,19.0,14.54,20.8,1002.6,1003.8,31.1,38.2,23.9,5.59,11.88,111,3.08,19.08,83.81,0
63,19.4,14.57,20.2,1001.9,1003.1,29.1,32.7,24.0,4.31,23.9,304,6.19,19.08,83.81,1
72,20.4,15.53,20.8,1001.9,1003.1,27.9,35.3,22.3,5.54,10.8,192,2.8,19.08,83.81,1
71,20.1,15.51,20.8,1001.2,1002.4,28.1,32.9,21.7,5.33,12.82,196,3.32,19.08,83.81,0
72,20.9,16.2,21.5,1001.6,1002.8,28.6,33.1,22.1,5.27,13.77,189,3.57,19.08,83.81,0
78,21.4,16.84,22.0,1001.6,1002.8,27.9,35.4,22.7,5.3,17.28,197,4.48,19.08,83.81,1
67,20.0,16.1,21.6,1000.1,1001.3,29.7,36.0,23.0,5.99,23.09,162,5.98,19.08,83.81,0
64,19.8,16.21,21.9,999.3,1000.5,30.6,37.2,22.7,6.07,28.08,177,7.28,19.08,83.81,0
59,19.0,15.73,21.8,1000.1,1001.3,31.5,38.6,23.0,6.7,27.68,182,7.18,19.08,83.81,0
53,17.9,14.68,21.3,1001.0,1002.2,32.2,39.2,23.3,6.78,22.82,181,5.91,19.08,83.81,0
45,17.3,13.28,20.8,999.8,1001.0,33.3,39.3,24.7,6.19,20.25,196,5.25,19.08,83.81,0
57,20.2,16.2,22.5,999.5,1000.7,32.6,39.4,26.1,6.0,20.92,320,5.42,19.08,83.81,0
67,21.7,17.26,22.8,1000.5,1001.7,30.9,39.1,24.9,5.85,26.73,273,6.93,19.08,83.81,1
53,18.9,15.13,21.8,1000.1,1001.3,32.7,39.6,25.1,6.2,27.4,164,7.1,19.08,83.81,0
48,17.5,14.27,21.5,999.0,1000.2,33.4,40.0,25.1,6.14,21.74,164,5.64,19.08,83.81,0
50,18.0,14.79,21.8,998.2,999.4,33.3,40.1,24.6,6.38,24.98,177,6.48,19.08,83.81,0
51,19.0,15.07,22.0,999.3,1000.5,33.3,39.2,25.1,5.42,27.0,169,7.0,19.08,83.81,0
54,19.6,15.23,21.8,1000.7,1001.9,32.5,38.7,25.7,5.56,22.01,206,5.7,19.08,83.81,0
61,20.8,16.53,22.5,1001.4,1002.6,31.8,37.7,25.3,5.36,18.63,185,4.83,19.08,83.81,0
54,19.0,15.32,21.9,1000.6,1001.8,32.6,38.8,24.0,6.01,19.98,174,5.18,19.08,83.81,0
60,21.0,16.87,22.9,999.2,1000.4,32.4,38.9,25.2,6.04,24.03,182,6.23,19.08,83.81,0
64,21.2,16.78,22.5,999.9,1001.1,31.2,38.6,25.3,5.81,23.62,219,6.12,19.08,83.81,0
60,20.1,16.0,22.0,999.9,1001.1,31.5,39.8,24.1,6.28,28.49,188,7.38,19.08,83.81,0
58,19.2,15.8,22.0,1001.2,1002.4,31.9,38.1,24.3,5.83,19.44,185,5.04,19.08,83.81,0
55,18.4,15.32,21.8,1001.9,1003.1,32.3,39.9,24.4,6.56,27.27,169,7.07,19.08,83.81,0
52,16.6,15.44,22.3,1000.4,1001.6,33.4,40.8,24.3,6.55,20.79,187,5.39,19.08,83.81,0
47,16.6,13.97,21.3,998.8,1000.0,33.4,40.3,23.4,6.29,21.2,148,5.49,19.08,83.81,0
44,16.8,13.06,20.7,999.3,1000.5,33.4,40.9,24.4,6.07,29.84,195,7.74,19.08,83.81,0
44,16.8,13.59,21.4,999.8,1001.0,34.1,40.7,25.8,6.69,24.03,180,6.23,19.08,83.81,0
46,17.3,13.75,21.2,998.5,999.7,33.5,41.2,25.5,6.39,19.17,188,4.97,19.08,83.81,0
56,20.6,16.78,23.2,997.9,999.1,33.5,40.5,25.4,6.41,28.35,168,7.35,19.08,83.81,0
59,21.4,17.37,23.5,998.9,1000.1,33.2,40.2,25.8,6.33,19.58,182,5.07,19.08,83.81,0
62,21.5,17.24,23.1,999.1,1000.3,32.2,39.7,25.3,6.31,25.92,196,6.72,19.08,83.81,1
57,20.8,16.88,23.2,998.7,999.9,33.3,39.7,25.8,6.17,22.95,166,5.95,19.08,83.81,0
62,22.0,17.65,23.5,998.7,999.9,32.6,38.4,26.2,6.32,20.79,171,5.39,19.08,83.81,0
63,22.0,17.63,23.4,998.8,1000.0,32.3,37.4,26.0,6.26,21.6,179,5.6,19.08,83.81,0
64,22.7,18.34,24.0,997.9,999.1,32.7,39.5,26.8,6.07,18.63,170,4.83,19.08,83.81,0
64,23.2,18.68,24.3,997.2,998.4,33.0,38.4,26.9,6.21,23.9,170,6.19,19.08,83.81,0
69,23.3,18.57,23.9,997.9,999.1,31.6,35.9,27.2,5.37,18.36,171,4.76,19.08,83.81,0
71,23.2,18.55,23.8,998.9,1000.1,31.1,36.1,25.1,5.3,19.58,179,5.07,19.08,83.81,1
70,22.1,17.32,22.7,1000.4,1001.6,30.2,35.3,23.6,6.41,11.74,205,3.04,19.08,83.81,0
68,22.0,17.13,22.6,999.6,1000.8,30.5,35.1,24.2,6.32,16.74,178,4.34,19.08,83.81,1
67,22.1,17.81,23.3,998.6,999.8,31.4,36.5,24.4,6.7,24.84,168,6.44,19.08,83.81,0
67,22.4,18.12,23.6,998.7,999.9,31.7,37.5,23.8,6.65,26.06,172,6.76,19.08,83.81,0
68,23.0,18.51,23.9,998.1,999.3,31.8,38.2,25.7,6.48,38.07,175,9.87,19.08,83.81,1
61,21.8,18.12,24.0,996.3,997.5,33.3,39.3,26.3,6.57,21.06,181,5.46,19.08,83.81,0
63,22.6,19.05,24.7,996.0,997.2,33.6,40.5,25.7,6.6,28.49,168,7.38,19.08,83.81,0
66,24.0,19.71,25.1,997.7,998.9,33.4,40.0,27.6,6.32,20.92,176,5.42,19.08,83.81,0
64,23.6,19.44,25.0,997.2,998.4,33.7,39.2,27.3,6.61,22.95,175,5.95,19.08,83.81,0
69,24.1,19.35,24.6,997.7,998.9,32.3,37.8,27.5,5.87,16.47,163,4.27,19.08,83.81,1
68,23.8,19.06,24.4,997.7,998.9,32.3,37.8,26.2,6.27,11.74,168,3.04,19.08,83.81,0
60,21.7,18.0,24.0,997.5,998.7,33.5,39.2,25.9,6.57,24.98,176,6.48,19.08,83.81,0
59,21.5,18.0,24.1,997.7,998.9,33.8,40.2,25.8,6.8,20.25,175,5.25,19.08,83.81,0
62,21.9,17.87,23.7,997.7,998.9,32.8,40.5,25.8,6.71,21.33,170,5.53,19.08,83.81,0
61,21.6,17.36,23.3,998.7,999.9,32.6,39.3,25.2,6.58,21.87,173,5.67,19.08,83.81,0
60,21.4,17.58,23.6,998.2,999.4,33.1,39.8,25.3,6.91,23.36,165,6.06,19.08,83.81,0
56,20.0,16.6,23.0,997.3,998.5,33.3,39.6,25.6,7.07,23.49,172,6.09,19.08,83.81,0
58,21.4,17.31,23.5,996.9,998.1,33.4,39.9,25.5,6.86,23.22,171,6.02,19.08,83.81,0
59,21.7,17.94,24.0,995.6,996.8,33.7,40.1,26.0,7.01,26.6,167,6.9,19.08,83.81,0
61,22.9,18.46,24.3,995.0,996.2,33.6,40.2,27.4,6.59,35.78,162,9.27,19.08,83.81,0
58,22.1,18.07,24.2,993.5,994.7,34.1,41.0,26.9,6.43,20.92,174,5.42,19.08,83.81,0
52,20.1,16.42,23.2,990.6,991.8,34.3,40.1,27.2,5.16,22.95,32,5.95,19.08,83.81,0
52,19.9,15.12,21.7,987.5,988.7,32.8,35.6,28.5,2.2,34.02,4,8.82,19.08,83.81,0
65,21.7,17.08,22.5,986.7,987.9,31.0,34.7,25.5,4.58,25.52,108,6.61,19.08,83.81,0
51,18.5,14.69,21.4,990.6,991.8,32.7,39.0,24.7,7.27,15.66,78,4.06,19.08,83.81,0
65,22.6,19.5,24.9,993.0,994.2,33.4,40.9,24.8,7.17,27.14,172,7.04,19.08,83.81,0
67,24.5,20.78,25.9,994.4,995.6,34.0,41.0,27.5,6.93,27.94,164,7.24,19.08,83.81,0
66,24.8,20.8,26.0,995.1,996.3,34.3,40.8,27.9,6.7,25.52,169,6.61,19.08,83.81,0
66,24.8,20.43,25.7,996.1,997.3,34.0,40.8,27.7,6.78,27.27,172,7.07,19.08,83.81,0
63,24.1,19.6,25.2,995.9,997.1,34.1,40.0,27.6,6.69,24.84,175,6.44,19.08,83.81,0
62,24.0,19.53,25.2,994.7,995.9,34.3,40.5,28.0,5.99,27.0,180,7.0,19.08,83.81,0
66,24.7,20.48,25.7,993.6,994.8,34.0,40.8,27.9,6.25,25.65,181,6.65,19.08,83.81,1
65,24.8,20.38,25.7,994.6,995.8,34.2,41.0,28.9,5.95,25.79,177,6.68,19.08,83.81,0
66,24.1,19.62,25.0,996.2,997.4,33.3,36.3,27.9,5.14,15.8,181,4.1,19.08,83.81,0
68,24.6,19.97,25.2,997.5,998.7,33.1,36.6,27.3,5.76,21.33,174,5.53,19.08,83.81,0
75,25.1,20.2,25.1,998.2,999.4,31.6,33.5,28.3,3.2,14.44,168,3.74,19.08,83.81,1
71,24.4,19.93,25.0,997.1,998.3,32.3,38.5,27.3,5.54,17.28,197,4.48,19.08,83.81,1
74,24.4,19.97,24.9,996.2,997.4,31.6,37.0,26.4,4.87,20.39,195,5.28,19.08,83.81,1
69,24.0,19.97,25.1,994.9,996.1,32.8,38.5,26.7,5.93,20.92,185,5.42,19.08,83.81,0
68,24.3,20.27,25.4,994.0,995.2,33.3,37.6,27.2,6.16,14.18,192,3.68,19.08,83.81,0
67,23.9,19.98,25.2,993.5,994.7,33.3,38.1,26.8,6.33,23.36,193,6.06,19.08,83.81,0
72,25.2,20.66,25.5,992.6,993.8,32.6,34.4,27.5,5.06,17.55,169,4.55,19.08,83.81,0
70,24.7,20.32,25.3,992.2,993.4,32.8,36.3,27.6,5.15,12.82,251,3.32,19.08,83.81,1
79,25.3,21.17,25.7,992.2,993.4,31.4,37.9,27.3,4.86,18.23,20,4.72,19.08,83.81,1
84,25.8,21.4,25.8,991.0,992.2,30.5,33.9,26.4,4.31,13.77,54,3.57,19.08,83.81,1
86,25.2,20.47,25.0,988.9,990.1,29.3,31.5,25.7,3.59,13.5,140,3.5,19.08,83.81,1
90,25.3,20.83,25.3,987.7,988.9,28.8,30.6,25.3,2.93,9.86,162,2.55,19.08,83.81,1
82,25.1,20.68,25.2,989.3,990.5,30.3,33.7,25.7,4.67,10.94,152,2.83,19.08,83.81,1
82,25.9,21.51,25.9,991.1,992.3,31.0,33.2,26.5,4.65,9.72,183,2.52,19.08,83.81,1
85,26.1,21.67,26.0,990.5,991.7,30.5,32.6,27.0,3.96,15.26,171,3.96,19.08,83.81,1
84,25.6,21.18,25.6,989.9,991.1,30.3,31.9,26.5,3.71,14.04,179,3.64,19.08,83.81,1
80,24.6,19.9,24.6,990.8,992.0,30.1,31.8,26.5,4.14,15.12,192,3.92,19.08,83.81,1
79,24.6,19.75,24.5,991.8,993.0,30.2,32.2,26.0,2.87,14.44,182,3.74,19.08,83.81,1
80,24.8,20.11,24.8,991.9,993.1,30.3,33.7,26.0,5.0,9.86,164,2.55,19.08,83.81,1
80,25.0,20.6,25.2,991.6,992.8,30.7,33.8,26.3,4.35,14.72,114,3.82,19.08,83.81,1
85,25.2,20.45,25.0,989.7,990.9,29.5,30.7,25.9,2.58,15.39,156,3.99,19.08,83.81,1
79,24.7,20.04,24.7,988.6,989.8,30.4,33.2,25.7,5.57,18.5,189,4.79,19.08,83.81,1
79,25.2,20.8,25.4,992.7,993.9,31.1,34.8,25.4,6.13,14.85,186,3.85,19.08,83.81,0
80,25.4,20.89,25.5,994.9,996.1,31.0,33.4,26.4,5.89,17.96,171,4.66,19.08,83.81,1
74,24.2,19.54,24.5,994.8,996.0,31.2,34.8,25.7,6.13,21.6,173,5.6,19.08,83.81,0
75,24.4,19.81,24.7,994.3,995.5,31.2,34.4,25.8,5.83,19.71,179,5.11,19.08,83.81,0
76,24.9,20.33,25.1,993.8,995.0,31.4,35.2,26.6,5.34,11.61,172,3.01,19.08,83.81,0
84,25.7,21.09,25.6,993.7,994.9,30.3,32.9,26.5,4.3,9.86,173,2.55,19.08,83.81,1
84,25.8,21.22,25.7,993.5,994.7,30.4,33.3,26.7,4.17,16.2,173,4.2,19.08,83.81,1
82,25.6,21.09,25.6,993.2,994.4,30.7,34.3,25.8,5.85,17.01,178,4.41,19.08,83.81,1
83,25.2,20.5,25.1,992.7,993.9,30.0,32.6,25.6,5.42,21.74,173,5.64,19.08,83.81,1
85,25.9,21.41,25.8,990.7,991.9,30.3,32.5,25.2,5.84,15.66,170,4.06,19.08,83.81,1
87,26.1,21.81,26.1,989.9,991.1,30.2,34.2,25.9,5.43,14.18,132,3.68,19.08,83.81,1
91,25.7,21.03,25.5,989.1,990.3,28.8,30.1,25.8,3.37,16.07,169,4.16,19.08,83.81,1
89,25.3,20.7,25.2,988.4,989.6,28.9,31.5,25.8,3.17,12.02,168,3.12,19.08,83.81,1
88,24.9,20.21,24.8,989.1,990.3,28.7,30.7,25.2,2.91,13.77,173,3.57,19.08,83.81,1
83,24.8,20.01,24.7,993.2,994.4,29.6,31.9,25.2,3.73,15.93,175,4.13,19.08,83.81,0
83,25.7,21.07,25.6,994.7,995.9,30.5,33.0,25.8,5.14,12.15,175,3.15,19.08,83.81,1
85,25.9,21.24,25.7,993.1,994.3,30.2,33.3,26.1,5.13,19.04,165,4.93,19.08,83.81,1
85,25.5,20.99,25.5,992.9,994.1,30.0,31.8,25.5,5.14,21.06,173,5.46,19.08,83.81,1
85,25.6,21.12,25.6,992.7,993.9,30.1,33.0,25.5,5.26,12.82,156,3.32,19.08,83.81,0
87,26.0,21.36,25.8,993.0,994.2,29.9,32.2,25.9,4.44,14.31,106,3.71,19.08,83.81,1
87,25.7,21.01,25.5,992.0,993.2,29.6,30.8,26.2,3.73,12.02,11,3.12,19.08,83.81,1
92,25.4,20.58,25.2,992.0,993.2,28.3,28.5,25.8,2.41,12.56,158,3.26,19.08,83.81,1
89,25.0,20.17,24.8,990.9,992.1,28.5,29.5,25.3,3.77,21.87,169,5.67,19.08,83.81,1
83,24.5,19.83,24.5,990.4,991.6,29.4,31.3,25.0,5.81,17.14,175,4.44,19.08,83.81,1
88,25.3,20.51,25.1,992.0,993.2,29.0,30.6,25.6,4.27,18.5,172,4.79,19.08,83.81,1
86,25.5,20.97,25.5,994.0,995.2,29.8,31.5,25.7,6.07,21.47,173,5.56,19.08,83.81,1
85,25.6,21.08,25.6,994.4,995.6,30.1,32.9,26.0,5.47,22.01,173,5.7,19.08,83.81,1
85,25.6,20.97,25.5,993.8,995.0,30.0,31.8,26.5,4.86,21.2,179,5.49,19.08,83.81,1
81,25.1,20.42,25.1,995.3,996.5,30.4,33.1,26.3,5.84,18.9,183,4.9,19.08,83.81,1
85,25.6,20.94,25.5,995.3,996.5,30.0,32.1,26.1,3.76,10.8,180,2.8,19.08,83.81,1
93,25.6,20.75,25.4,994.7,995.9,28.3,28.3,25.6,1.79,12.15,164,3.15,19.08,83.81,1
84,24.6,19.96,24.7,995.7,996.9,29.4,32.2,25.2,4.59,18.5,176,4.79,19.08,83.81,0
79,24.3,19.41,24.3,996.9,998.1,30.0,33.0,24.5,6.65,16.74,176,4.34,19.08,83.81,0
78,24.9,20.21,25.0,996.8,998.0,30.9,34.2,25.1,6.69,8.24,182,2.13,19.08,83.81,0
84,26.1,21.69,26.1,995.1,996.3,30.8,33.0,26.5,6.48,13.37,135,3.46,19.08,83.81,0
83,25.7,21.08,25.6,993.9,995.1,30.5,33.9,26.1,6.01,17.28,150,4.48,19.08,83.81,1
80,24.7,20.07,24.8,994.0,995.2,30.3,33.1,25.1,6.41,22.28,168,5.78,19.08,83.81,0
85,25.3,20.59,25.2,994.7,995.9,29.7,33.2,25.3,5.92,20.12,177,5.22,19.08,83.81,1
83,25.2,20.71,25.3,993.9,995.1,30.2,33.2,25.0,5.83,17.69,174,4.58,19.08,83.81,0
85,25.9,21.37,25.8,992.7,993.9,30.3,32.2,25.6,5.41,14.44,171,3.74,19.08,83.81,1
84,26.2,21.66,26.0,990.9,992.1,30.7,32.7,26.0,5.69,10.12,150,2.62,19.08,83.81,1
85,25.8,21.36,25.7,987.6,988.8,30.2,32.1,26.6,4.2,14.99,67,3.88,19.08,83.81,1
90,25.8,21.39,25.7,985.1,986.3,29.2,30.0,26.2,2.55,9.32,104,2.42,19.08,83.81,1
92,25.0,20.26,24.8,984.1,985.3,27.9,28.3,25.3,1.49,13.5,149,3.5,19.08,83.81,1
84,24.6,19.99,24.6,988.7,989.9,29.3,31.9,24.9,4.18,16.2,168,4.2,19.08,83.81,0
83,25.3,20.75,25.3,992.4,993.6,30.2,32.3,25.6,4.46,10.66,171,2.76,19.08,83.81,0
87,25.7,21.02,25.5,991.5,992.7,29.6,32.0,25.6,3.85,8.91,77,2.31,19.08,83.81,1
88,25.6,20.93,25.4,989.7,990.9,29.3,31.1,26.1,3.75,11.88,127,3.08,19.08,83.81,1
85,25.5,20.93,25.4,990.1,991.3,29.9,32.1,25.5,5.72,14.04,161,3.64,19.08,83.81,1
81,24.7,19.9,24.6,991.5,992.7,29.9,32.3,24.9,4.76,11.74,207,3.04,19.08,83.81,0
87,25.6,20.9,25.4,991.4,992.6,29.5,30.9,25.6,4.01,9.72,132,2.52,19.08,83.81,1
90,25.5,20.8,25.3,989.3,990.5,28.8,30.5,25.7,3.34,11.34,131,2.94,19.08,83.81,1
86,24.6,19.76,24.4,988.2,989.4,28.7,30.4,24.8,2.95,14.44,159,3.74,19.08,83.81,1
90,23.9,18.8,23.6,988.6,989.8,27.1,27.6,24.1,1.81,14.44,161,3.74,19.08,83.81,1
90,24.0,19.02,23.8,989.1,990.3,27.3,28.3,24.0,2.34,14.99,158,3.88,19.08,83.81,1
81,23.9,19.14,23.9,989.4,990.6,29.2,31.5,24.7,4.67,14.72,193,3.82,19.08,83.81,0
85,24.2,19.25,24.0,990.6,991.8,28.5,29.1,25.1,2.62,17.28,177,4.48,19.08,83.81,1
87,25.0,20.23,24.8,988.4,989.6,28.9,30.9,25.2,3.07,11.07,128,2.87,19.08,83.81,1
88,24.6,19.76,24.4,987.8,989.0,28.3,30.4,24.7,3.49,18.23,179,4.72,19.08,83.81,1
86,24.5,19.67,24.4,992.9,994.1,28.7,30.8,24.6,4.31,18.5,178,4.79,19.08,83.81,1
86,24.8,19.97,24.7,995.4,996.6,29.0,31.1,25.3,4.05,15.52,178,4.02,19.08,83.81,1
88,25.4,20.45,25.1,995.1,996.3,29.0,30.8,25.0,3.75,13.23,177,3.43,19.08,83.81,1
89,25.5,20.81,25.4,995.0,996.2,29.1,31.9,25.0,4.36,11.07,140,2.87,19.08,83.81,1
88,25.1,20.43,25.1,995.8,997.0,29.0,30.6,25.4,2.73,11.34,97,2.94,19.08,83.81,1
93,25.1,20.15,24.9,994.3,995.5,27.8,28.1,25.2,1.59,10.94,146,2.83,19.08,83.81,1
85,24.0,18.99,23.8,992.6,993.8,28.3,30.5,24.4,3.57,14.18,185,3.68,19.08,83.81,1
79,23.6,18.7,23.6,992.9,994.1,29.3,33.3,23.2,6.41,17.82,188,4.62,19.08,83.81,0
84,24.9,20.11,24.8,994.4,995.6,29.5,32.8,24.4,6.34,15.93,183,4.13,19.08,83.81,0
85,25.6,20.94,25.5,995.4,996.6,30.0,32.8,25.0,6.14,9.86,156,2.55,19.08,83.81,1
85,26.1,21.68,26.1,995.9,997.1,30.6,33.0,25.5,6.13,7.29,8,1.89,19.08,83.81,0
84,25.7,21.3,25.8,995.8,997.0,30.5,32.8,26.0,4.89,14.58,42,3.78,19.08,83.81,1
89,24.8,19.81,24.6,996.7,997.9,28.3,30.2,24.8,3.58,15.8,144,4.1,19.08,83.81,1
84,24.7,19.69,24.5,997.8,999.0,29.2,31.8,24.8,5.87,20.92,175,5.42,19.08,83.81,0
85,25.1,20.53,25.2,997.6,998.8,29.7,33.3,25.2,5.95,18.09,175,4.69,19.08,83.81,1
85,25.4,20.8,25.4,996.3,997.5,29.9,33.1,25.3,6.14,14.72,182,3.82,19.08,83.81,1
86,25.6,21.06,25.6,995.7,996.9,29.9,32.4,25.6,5.82,15.8,178,4.1,19.08,83.81,1
84,25.7,21.04,25.6,996.2,997.4,30.3,33.2,25.7,5.88,12.15,168,3.15,19.08,83.81,1
84,25.6,20.91,25.5,996.5,997.7,30.2,33.3,25.5,5.97,15.66,198,4.06,19.08,83.81,0
84,25.6,21.05,25.6,995.8,997.0,30.3,33.8,25.9,5.95,15.66,177,4.06,19.08,83.81,1
88,25.5,20.97,25.5,993.5,994.7,29.4,32.4,25.5,4.72,13.37,180,3.46,19.08,83.81,1
86,25.4,20.86,25.4,993.6,994.8,29.7,32.4,25.2,5.8,12.96,187,3.36,19.08,83.81,1
86,25.4,20.7,25.3,995.2,996.4,29.6,32.4,25.2,5.43,10.94,124,2.83,19.08,83.81,1
85,25.1,20.34,25.0,995.1,996.3,29.5,32.1,25.2,5.59,17.82,170,4.62,19.08,83.81,1
87,25.2,20.48,25.1,993.7,994.9,29.2,31.5,25.2,5.35,19.84,187,5.14,19.08,83.81,1
87,25.2,20.48,25.1,994.1,995.3,29.2,30.8,25.3,4.81,13.5,194,3.5,19.08,83.81,1
86,25.2,20.47,25.1,994.5,995.7,29.4,30.8,25.2,5.05,19.31,175,5.0,19.08,83.81,1
83,25.2,20.47,25.1,994.2,995.4,30.0,33.0,25.5,5.62,19.17,162,4.97,19.08,83.81,0
86,25.9,21.5,25.9,992.5,993.7,30.2,33.6,25.8,5.33,15.52,40,4.02,19.08,83.81,0
87,25.5,20.92,25.4,990.5,991.7,29.5,32.3,25.1,5.36,16.88,148,4.38,19.08,83.81,1
89,25.4,20.94,25.4,988.9,990.1,29.1,32.0,25.3,4.04,18.23,49,4.72,19.08,83.81,1
93,25.2,20.52,25.1,988.0,989.2,28.0,28.5,25.4,1.6,12.02,138,3.12,19.08,83.81,1
84,24.9,20.07,24.7,990.3,991.5,29.4,32.4,25.0,5.31,15.66,175,4.06,19.08,83.81,0
82,24.7,19.76,24.5,993.6,994.8,29.6,32.9,24.8,5.21,20.92,178,5.42,19.08,83.81,0
81,25.1,20.41,25.1,995.7,996.9,30.4,33.6,25.5,5.56,16.34,180,4.23,19.08,83.81,0
88,25.5,20.69,25.3,995.1,996.3,29.2,31.5,26.1,3.31,16.47,174,4.27,19.08,83.81,1
90,25.5,20.69,25.3,994.3,995.5,28.8,30.7,25.4,3.28,8.64,139,2.24,19.08,83.81,1
85,25.2,20.58,25.2,994.9,996.1,29.7,32.9,24.7,5.5,9.18,60,2.38,19.08,83.81,0
81,24.6,20.06,24.8,995.2,996.4,30.1,33.3,24.4,6.0,13.1,24,3.39,19.08,83.81,0
80,24.7,19.95,24.7,994.4,995.6,30.2,32.9,25.0,5.65,13.77,25,3.57,19.08,83.81,0
93,24.8,19.81,24.6,993.2,994.4,27.5,27.2,25.0,1.51,13.1,16,3.39,19.08,83.81,1
88,23.2,18.08,23.0,992.8,994.0,26.9,26.9,23.6,1.45,18.5,18,4.79,19.08,83.81,1
85,23.4,18.31,23.2,993.1,994.3,27.7,30.7,22.6,4.28,21.2,23,5.49,19.08,83.81,1
90,24.4,19.5,24.3,993.8,995.0,27.8,30.0,24.1,3.6,13.5,26,3.5,19.08,83.81,1
93,24.8,19.91,24.7,994.3,995.5,27.6,28.9,24.9,2.91,14.31,17,3.71,19.08,83.81,1
91,24.6,19.83,24.6,994.4,995.6,27.9,28.8,24.3,3.09,8.37,19,2.17,19.08,83.81,1
88,24.7,19.73,24.5,995.2,996.4,28.4,30.2,24.9,4.33,12.42,99,3.22,19.08,83.81,1
88,24.6,19.7,24.5,996.7,997.9,28.4,31.0,24.1,4.94,13.77,164,3.57,19.08,83.81,1
87,25.0,20.16,24.9,997.5,998.7,29.0,31.6,24.5,5.12,16.34,172,4.23,19.08,83.81,1
87,25.1,20.28,25.0,997.8,999.0,29.1,32.1,25.0,5.01,13.9,165,3.6,19.08,83.81,1
89,25.3,20.66,25.3,996.4,997.6,29.0,31.8,24.6,4.22,10.8,351,2.8,19.08,83.81,1
84,24.1,19.29,24.1,994.3,995.5,28.8,30.9,24.8,4.32,14.85,9,3.85,19.08,83.81,0
86,24.0,19.0,23.8,992.1,993.3,28.1,29.6,24.8,2.61,22.01,348,5.7,19.08,83.81,1
92,24.2,19.28,24.1,991.4,992.6,27.2,27.8,24.3,2.1,17.42,288,4.51,19.08,83.81,1
92,24.5,19.47,24.3,993.6,994.8,27.4,29.4,23.8,3.47,9.72,195,2.52,19.08,83.81,1
92,24.4,19.45,24.3,994.6,995.8,27.4,28.8,24.2,3.38,9.05,341,2.34,19.08,83.81,1
90,24.5,19.59,24.4,995.2,996.4,27.9,30.1,23.7,4.77,11.74,208,3.04,19.08,83.81,1
89,24.7,19.94,24.7,996.2,997.4,28.4,31.1,24.5,5.0,11.21,279,2.9,19.08,83.81,0
86,24.8,19.95,24.7,996.4,997.6,29.0,32.5,24.3,5.11,13.23,358,3.43,19.08,83.81,0
89,24.8,19.82,24.6,996.1,997.3,28.3,29.6,24.7,3.46,14.72,344,3.82,19.08,83.81,1
87,24.5,19.73,24.5,995.7,996.9,28.6,31.3,24.0,4.76,12.56,322,3.26,19.08,83.81,0
81,24.0,19.03,23.9,995.1,996.3,29.2,32.2,24.7,4.84,21.6,3,5.6,19.08,83.81,0
76,23.2,17.98,23.0,993.3,994.5,29.3,30.8,25.6,2.75,23.49,3,6.09,19.08,83.81,0
77,22.2,17.35,22.4,994.9,996.1,28.5,32.3,22.9,5.79,13.77,63,3.57,19.08,83.81,0
70,20.9,15.9,21.2,997.5,998.7,28.7,32.9,23.2,5.53,12.02,7,3.12,19.08,83.81,0
72,20.7,15.65,20.9,1000.0,1001.2,28.0,31.1,21.2,4.91,14.58,25,3.78,19.08,83.81,0
77,21.8,16.74,21.9,1000.7,1001.9,28.0,31.2,22.1,5.02,14.04,5,3.64,19.08,83.81,0
68,19.3,14.69,20.0,1000.2,1001.4,27.9,32.0,21.6,5.53,12.82,356,3.32,19.08,83.81,0
67,19.0,14.28,19.6,1001.0,1002.2,27.7,31.9,22.1,5.43,12.69,1,3.29,19.08,83.81,0
67,18.6,13.94,19.2,1001.2,1002.4,27.3,31.8,21.4,5.8,13.1,359,3.39,19.08,83.81,0
67,18.2,13.47,18.6,1000.1,1001.3,26.7,31.9,19.8,5.75,15.66,358,4.06,19.08,83.81,0
68,18.6,13.92,19.1,1000.0,1001.2,27.0,32.0,20.0,5.72,13.1,11,3.39,19.08,83.81,0
66,19.5,14.59,20.0,1000.6,1001.8,28.3,32.8,20.7,5.63,14.18,350,3.68,19.08,83.81,0
72,21.5,16.49,21.8,1001.6,1002.8,28.9,32.8,22.9,5.23,10.26,346,2.66,19.08,83.81,0
72,21.3,16.58,21.9,1001.9,1003.1,29.0,32.9,22.9,5.43,12.69,338,3.29,19.08,83.81,0
81,22.3,17.6,22.7,1002.0,1003.2,28.0,32.5,22.8,5.17,8.51,279,2.2,19.08,83.81,1
86,23.1,18.02,23.1,1003.0,1004.2,27.4,30.0,23.3,4.35,13.77,318,3.57,19.08,83.81,0
83,22.6,17.56,22.7,1004.7,1005.9,27.6,30.1,22.5,4.7,7.97,329,2.06,19.08,83.81,0
66,17.6,13.27,18.5,1005.4,1006.6,26.8,31.3,20.1,5.65,16.34,347,4.23,19.08,83.81,0
62,14.5,10.84,15.4,1005.6,1006.8,24.5,30.6,17.3,5.77,12.15,356,3.15,19.08,83.81,0
61,14.5,10.62,15.1,1004.1,1005.3,24.4,29.9,17.0,5.73,13.1,353,3.39,19.08,83.81,0
68,16.7,12.23,17.0,1002.7,1003.9,24.9,30.4,16.5,5.51,11.07,342,2.87,19.08,83.81,0
86,21.6,16.35,21.5,1003.5,1004.7,25.8,28.3,21.7,3.53,12.82,297,3.32,19.08,83.81,1
82,21.6,16.44,21.6,1004.7,1005.9,26.7,30.1,21.2,3.6,9.32,318,2.42,19.08,83.81,0
72,19.0,14.17,19.3,1003.7,1004.9,26.4,32.0,19.9,5.01,11.88,360,3.08,19.08,83.81,0
73,18.7,14.21,19.3,1002.8,1004.0,26.2,32.2,19.3,5.37,13.1,17,3.39,19.08,83.81,0
69,18.8,14.08,19.3,1003.0,1004.2,27.0,32.3,19.2,5.13,12.15,358,3.15,19.08,83.81,0
71,19.8,14.75,20.0,1003.2,1004.4,27.3,31.3,21.7,5.01,13.5,203,3.5,19.08,83.81,0
72,19.6,14.71,19.9,1002.4,1003.6,27.0,31.9,21.5,5.09,10.8,182,2.8,19.08,83.81,0
74,19.1,14.41,19.5,1002.5,1003.7,26.2,32.0,20.0,5.33,15.93,186,4.13,19.08,83.81,0
79,20.2,15.49,20.6,1002.2,1003.4,26.3,31.8,20.7,4.83,12.69,177,3.29,19.08,83.81,0
76,19.7,15.17,20.3,1002.0,1003.2,26.6,32.6,19.9,5.09,13.23,179,3.43,19.08,83.81,0
76,20.6,15.72,20.9,1002.4,1003.6,27.2,31.6,21.2,4.68,10.12,8,2.62,19.08,83.81,0
73,19.9,15.07,20.3,1003.8,1005.0,27.2,30.7,21.8,4.97,9.72,1,2.52,19.08,83.81,0
69,17.3,12.85,17.8,1004.4,1005.6,25.5,29.6,19.3,5.01,10.8,333,2.8,19.08,83.81,0
71,16.5,12.22,16.9,1003.8,1005.0,24.2,29.2,18.0,4.12,10.26,342,2.66,19.08,83.81,0
63,14.2,10.71,15.1,1003.7,1004.9,24.0,29.0,16.8,3.85,12.28,345,3.18,19.08,83.81,0
75,16.6,12.07,16.6,1004.3,1005.5,23.1,25.6,19.5,1.75,13.5,334,3.5,19.08,83.81,1
80,17.7,12.86,17.6,1005.4,1006.6,23.1,24.9,19.3,1.64,20.79,338,5.39,19.08,83.81,1
69,16.6,12.07,16.8,1005.9,1007.1,24.5,28.2,19.6,3.47,13.5,330,3.5,19.08,83.81,0
72,16.8,12.38,17.1,1005.4,1006.6,24.2,29.7,17.5,5.07,10.94,324,2.83,19.08,83.81,0
74,16.4,12.42,17.1,1004.9,1006.1,23.8,29.8,17.2,5.11,12.69,325,3.29,19.08,83.81,0
72,16.5,12.08,16.7,1005.3,1006.5,23.8,28.5,18.2,5.07,10.26,300,2.66,19.08,83.81,0
71,15.6,11.64,16.1,1003.8,1005.0,23.4,29.3,17.2,5.11,11.61,57,3.01,19.08,83.81,0
73,16.2,12.05,16.6,1003.2,1004.4,23.5,29.6,16.3,5.01,12.02,159,3.12,19.08,83.81,0
69,15.6,11.61,16.1,1002.4,1003.6,23.8,29.3,17.3,5.05,13.23,18,3.43,19.08,83.81,0
70,16.0,11.77,16.3,1003.2,1004.4,23.8,29.1,16.7,5.02,12.15,189,3.15,19.08,83.81,0
69,15.4,11.23,15.6,1004.8,1006.0,23.3,28.9,17.3,5.01,11.74,270,3.04,19.08,83.81,0
69,14.9,11.28,15.7,1006.0,1007.2,23.4,30.0,16.6,5.05,12.56,152,3.26,19.08,83.81,0
70,15.5,11.74,16.3,1005.6,1006.8,23.8,30.3,17.2,4.98,10.94,180,2.83,19.08,83.81,0
63,14.7,10.96,15.5,1004.3,1005.5,24.4,30.7,16.6,4.97,11.61,121,3.01,19.08,83.81,0
64,14.2,10.94,15.4,1003.8,1005.0,24.1,30.2,16.2,4.99,11.21,171,2.9,19.08,83.81,0
67,14.7,11.32,15.8,1003.9,1005.1,23.9,30.4,17.7,4.74,12.69,169,3.29,19.08,83.81,0
67,15.1,11.26,15.7,1003.4,1004.6,23.8,30.0,17.6,4.9,12.69,183,3.29,19.08,83.81,0
68,15.5,11.65,16.2,1002.4,1003.6,24.1,30.1,17.5,4.82,10.26,185,2.66,19.08,83.81,0
72,17.1,12.87,17.7,1003.0,1004.2,24.8,30.5,18.3,4.75,16.07,178,4.16,19.08,83.81,0
77,18.5,13.83,18.8,1004.9,1006.1,24.9,29.3,19.5,3.79,18.5,198,4.79,19.08,83.81,0
72,17.3,12.99,17.9,1005.6,1006.8,25.0,30.2,17.8,4.66,16.74,179,4.34,19.08,83.81,0
69,17.2,12.92,17.9,1004.9,1006.1,25.6,31.1,19.3,4.68,18.23,168,4.72,19.08,83.81,0
69,17.0,12.61,17.5,1005.0,1006.2,25.2,29.6,19.3,4.25,9.72,10,2.52,19.08,83.81,0
60,12.9,10.17,14.5,1005.9,1007.1,24.0,29.6,16.6,4.93,14.31,358,3.71,19.08,83.81,0
57,10.5,8.7,12.2,1006.3,1007.5,22.3,28.3,12.9,5.06,11.61,35,3.01,19.08,83.81,0
52,8.2,7.56,10.4,1004.9,1006.1,21.5,28.4,12.7,5.12,12.82,72,3.32,19.08,83.81,0
59,9.9,8.43,11.5,1004.2,1005.4,21.2,27.8,14.3,5.09,12.02,140,3.12,19.08,83.81,0
59,10.5,8.54,11.7,1003.4,1004.6,21.4,27.5,14.1,5.03,11.61,184,3.01,19.08,83.81,0
65,11.3,9.42,12.9,1002.9,1004.1,21.4,28.6,13.4,5.01,12.82,146,3.32,19.08,83.81,0
69,13.2,10.37,14.3,1003.5,1004.7,22.0,28.7,15.2,4.93,12.42,140,3.22,19.08,83.81,0
66,13.6,10.22,14.2,1004.4,1005.6,22.5,28.5,15.4,4.95,9.86,157,2.55,19.08,83.81,0
69,13.5,10.57,14.6,1003.4,1004.6,22.3,28.8,15.8,5.02,10.8,148,2.8,19.08,83.81,0
71,13.6,10.55,14.5,1003.2,1004.4,21.8,28.8,15.0,4.91,12.56,162,3.26,19.08,83.81,0
68,13.7,10.61,14.7,1003.5,1004.7,22.6,29.5,15.1,4.94,12.82,160,3.32,19.08,83.81,0
68,14.3,10.8,15.0,1004.4,1005.6,22.9,28.8,16.0,4.88,12.69,175,3.29,19.08,83.81,0
69,14.4,10.82,15.0,1004.8,1006.0,22.7,28.1,16.3,4.87,11.07,200,2.87,19.08,83.81,0
69,14.4,10.81,15.0,1005.3,1006.5,22.7,28.7,15.4,4.9,14.18,215,3.68,19.08,83.81,0
68,14.3,10.79,15.0,1004.9,1006.1,22.9,29.3,16.0,4.95,11.34,178,2.94,19.08,83.81,0
70,14.5,10.99,15.2,1003.5,1004.7,22.7,29.1,15.5,4.97,18.76,195,4.86,19.08,83.81,0
69,14.1,10.9,15.1,1003.9,1005.1,22.8,29.4,15.1,4.99,14.85,207,3.85,19.08,83.81,0
65,13.8,10.84,15.2,1004.0,1005.2,23.7,30.5,15.4,4.76,17.28,192,4.48,19.08,83.81,0
58,13.4,10.67,15.4,1002.6,1003.8,25.3,31.6,16.9,4.17,15.52,161,4.02,19.08,83.81,0
61,15.4,11.8,16.8,1001.2,1002.4,26.1,31.5,19.7,4.19,15.26,144,3.96,19.08,83.81,0
57,13.2,10.7,15.5,1001.0,1002.2,25.6,32.7,17.8,4.98,18.09,177,4.69,19.08,83.81,0
54,12.3,9.88,14.5,1001.8,1003.0,25.2,32.5,17.2,5.07,14.58,177,3.78,19.08,83.81,0
56,13.6,10.69,15.6,1001.7,1002.9,25.9,33.1,18.4,5.0,11.21,168,2.9,19.08,83.81,0
54,13.8,10.68,15.8,1002.6,1003.8,26.5,33.3,18.9,4.97,15.66,171,4.06,19.08,83.81,0
53,13.4,10.54,15.7,1002.9,1004.1,26.6,33.0,20.2,5.11,12.15,155,3.15,19.08,83.81,0
62,15.5,11.84,16.8,1002.6,1003.8,25.9,31.7,18.9,5.03,12.82,151,3.32,19.08,83.81,0
66,15.7,12.23,17.1,1002.5,1003.7,25.4,31.2,18.2,5.13,11.88,104,3.08,19.08,83.81,0
66,15.8,11.95,16.7,1001.7,1002.9,25.0,30.6,18.1,5.01,13.64,103,3.53,19.08,83.81,0
60,12.4,10.6,15.1,1000.8,1002.0,24.6,30.8,16.9,5.36,14.85,93,3.85,19.08,83.81,0
70,17.0,12.98,17.9,1002.8,1004.0,25.4,31.0,19.5,5.01,21.2,176,5.49,19.08,83.81,0
71,16.5,12.52,17.3,1003.9,1005.1,24.6,29.8,18.9,4.87,26.33,165,6.82,19.08,83.81,0
68,15.5,12.08,16.8,1002.4,1003.6,24.7,31.3,17.2,5.1,15.12,160,3.92,19.08,83.81,0
64,16.0,12.6,17.7,1002.1,1003.3,26.4,33.5,17.6,5.18,16.34,162,4.23,19.08,83.81,0
60,16.1,12.17,17.4,1001.7,1002.9,26.9,32.1,19.7,4.44,18.5,109,4.79,19.08,83.81,0
68,16.9,13.15,18.2,1002.6,1003.8,26.1,32.3,18.6,5.09,21.33,144,5.53,19.08,83.81,0
71,17.9,13.66,18.7,1002.4,1003.6,26.0,31.0,19.3,4.72,23.36,128,6.06,19.08,83.81,0
67,17.4,13.59,18.8,1002.7,1003.9,26.9,32.5,20.8,5.15,25.65,136,6.65,19.08,83.81,0
69,17.8,13.66,18.8,1003.2,1004.4,26.5,32.4,18.8,5.07,22.54,176,5.84,19.08,83.81,0
70,18.1,14.04,19.2,1002.8,1004.0,26.7,31.9,19.6,5.07,20.92,168,5.42,19.08,83.81,0
71,18.4,14.23,19.4,1003.5,1004.7,26.7,31.6,20.2,4.59,25.24,170,6.54,19.08,83.81,0
73,18.9,14.36,19.5,1004.3,1005.5,26.4,31.2,21.0,4.49,24.57,178,6.37,19.08,83.81,0
69,18.2,13.73,18.9,1004.1,1005.3,26.6,31.2,20.7,4.63,24.98,168,6.48,19.08,83.81,0
73,18.4,13.77,18.8,1003.8,1005.0,25.7,28.9,20.0,4.41,13.37,179,3.46,19.08,83.81,0
63,15.5,11.72,16.6,1004.9,1006.1,25.5,31.1,19.8,5.29,22.82,174,5.91,19.08,83.81,0
61,13.2,10.72,15.3,1006.8,1008.0,24.6,30.4,17.7,5.61,13.1,56,3.39,19.08,83.81,0
52,8.1,8.69,12.7,1006.9,1008.1,23.8,31.4,15.2,5.85,15.66,32,4.06,19.08,83.81,0
50,8.2,8.36,12.3,1006.1,1007.3,23.8,31.4,15.7,5.91,16.6,307,4.3,19.08,83.81,0
52,9.2,8.65,12.6,1005.6,1006.8,23.7,30.9,14.6,5.89,23.76,233,6.16,19.08,83.81,0
56,11.0,9.56,13.8,1004.6,1005.8,24.1,30.9,15.9,5.89,20.66,216,5.36,19.08,83.81,0
51,9.2,8.76,12.9,1003.5,1004.7,24.2,31.7,14.5,5.91,16.6,83,4.3,19.08,83.81,0
52,10.3,9.04,13.3,1004.6,1005.8,24.4,31.3,15.3,5.87,16.74,20,4.34,19.08,83.81,0
53,9.9,9.09,13.3,1005.5,1006.7,24.2,31.4,16.3,6.05,14.99,360,3.88,19.08,83.81,0
55,9.8,9.51,13.8,1004.3,1005.5,24.3,31.9,16.3,6.05,18.09,219,4.69,19.08,83.81,0
56,11.5,10.0,14.5,1002.6,1003.8,24.8,32.5,16.2,6.05,19.84,179,5.14,19.08,83.81,0
57,12.2,10.62,15.4,1002.3,1003.5,25.5,33.7,15.6,6.09,25.65,156,6.65,19.08,83.81,0
59,13.0,11.12,16.0,1003.2,1004.4,25.7,33.1,17.1,5.81,22.82,178,5.91,19.08,83.81,0
57,13.5,10.86,15.8,1003.8,1005.0,25.9,32.6,18.3,6.04,22.14,169,5.74,19.08,83.81,0
53,12.6,10.6,15.8,1003.2,1004.4,26.7,34.3,18.6,5.99,18.9,114,4.9,19.08,83.81,0
54,13.6,11.08,16.4,1002.1,1003.3,27.1,34.1,19.3,5.97,22.41,74,5.81,19.08,83.81,0
52,13.3,10.99,16.5,1001.5,1002.7,27.6,34.3,19.7,6.07,15.66,171,4.06,19.08,83.81,0
56,14.5,11.55,16.9,1002.5,1003.7,27.2,33.5,19.6,5.57,19.17,174,4.97,19.08,83.81,0
61,16.0,12.2,17.4,1004.4,1005.6,26.7,32.0,19.6,5.29,17.14,157,4.44,19.08,83.81,0
55,13.9,10.91,16.1,1005.4,1006.6,26.6,32.7,19.2,5.54,27.4,212,7.1,19.08,83.81,0
59,15.5,11.16,16.1,1005.8,1007.0,25.8,28.7,21.0,3.05,12.69,225,3.29,19.08,83.81,0
51,12.9,10.12,15.3,1005.2,1006.4,26.6,32.4,19.1,5.76,21.33,205,5.53,19.08,83.81,0
43,10.3,8.74,14.1,1004.3,1005.5,27.0,33.9,18.9,6.31,21.06,75,5.46,19.08,83.81,0
40,9.7,8.49,14.2,1002.5,1003.7,27.7,34.8,20.1,6.36,15.12,141,3.92,19.08,83.81,0
42,10.9,9.36,15.4,1001.2,1002.4,28.5,35.5,20.7,6.39,15.26,144,3.96,19.08,83.81,0
48,12.5,11.03,17.1,1000.2,1001.4,29.0,37.2,19.3,6.44,17.96,100,4.66,19.08,83.81,0
48,13.6,11.66,18.0,998.4,999.6,29.9,37.7,20.4,6.39,24.57,109,6.37,19.08,83.81,0
40,11.4,10.05,17.0,997.9,999.1,30.5,38.4,22.1,6.17,14.31,74,3.71,19.08,83.81,0
47,13.0,11.54,18.0,999.2,1000.4,30.1,38.1,21.0,6.5,29.56,123,7.66,19.08,83.81,0
54,15.2,13.01,19.1,1001.6,1002.8,29.8,37.2,21.1,4.92,15.93,121,4.13,19.08,83.81,0
39,11.4,9.88,17.0,1001.5,1002.7,30.7,38.4,22.7,6.21,23.09,60,5.98,19.08,83.81,0
40,10.6,9.56,16.2,1001.6,1002.8,29.7,37.4,20.2,6.67,25.65,103,6.65,19.08,83.81,0
43,11.3,10.15,16.6,1002.0,1003.2,29.5,37.4,20.7,6.67,21.87,152,5.67,19.08,83.81,0
42,11.7,10.16,16.8,1001.7,1002.9,29.9,38.0,20.8,6.58,22.68,160,5.88,19.08,83.81,0
33,9.2,8.26,15.6,1001.3,1002.5,30.5,38.8,20.1,6.57,14.18,283,3.68,19.08,83.81,0
38,9.9,9.51,16.6,1001.5,1002.7,30.5,37.9,21.9,6.72,23.9,129,6.19,19.08,83.81,0
56,16.0,13.48,19.5,1002.4,1003.6,29.8,37.9,20.5,6.63,25.92,171,6.72,19.08,83.81,0
59,16.6,13.96,19.8,1002.6,1003.8,29.5,37.5,20.3,6.18,19.98,172,5.18,19.08,83.81,0
52,15.8,12.74,19.0,1002.1,1003.3,30.1,37.3,21.4,5.92,19.84,161,5.14,19.08,83.81,0
55,17.3,13.79,20.0,1002.3,1003.5,30.5,37.1,22.6,5.41,25.52,167,6.61,19.08,83.81,0
55,16.9,13.78,20.0,1003.5,1004.7,30.5,37.1,22.3,5.88,18.5,179,4.79,19.08,83.81,0
56,16.2,13.31,19.3,1003.6,1004.8,29.6,36.5,21.1,6.3,19.98,95,5.18,19.08,83.81,0
61,18.5,14.96,20.8,1002.0,1003.2,30.1,36.2,22.6,6.14,22.41,159,5.81,19.08,83.81,0
59,18.3,14.91,20.9,1000.9,1002.1,30.6,36.0,23.0,5.72,20.92,175,5.42,19.08,83.81,0
49,15.4,12.74,19.4,1000.4,1001.6,31.1,38.3,22.4,6.6,24.7,133,6.4,19.08,83.81,0
52,16.1,13.3,19.7,999.8,1001.0,30.8,38.1,21.4,6.27,29.56,153,7.66,19.08,83.81,0
49,15.7,12.59,19.2,1000.2,1001.4,30.9,37.3,22.7,5.62,23.9,170,6.19,19.08,83.81,0
42,13.8,11.04,18.2,999.5,1000.7,31.3,37.9,22.9,6.11,14.04,146,3.64,19.08,83.81,0
41,14.4,10.92,18.2,998.3,999.5,31.5,37.5,23.3,6.01,19.17,24,4.97,19.08,83.81,0
44,15.2,12.14,19.4,998.1,999.3,32.1,38.5,24.6,6.35,17.55,95,4.55,19.08,83.81,0
47,16.4,13.02,20.1,1000.2,1001.4,32.2,38.5,23.4,4.96,21.74,150,5.64,19.08,83.81,0
42,14.9,12.23,20.0,1001.0,1002.2,33.1,39.5,25.1,6.67,23.76,159,6.16,19.08,83.81,0
39,13.9,11.03,18.9,1000.8,1002.0,32.6,39.0,25.0,6.47,25.38,108,6.58,19.08,83.81,0
42,14.7,11.84,19.4,999.5,1000.7,32.5,38.5,24.1,6.01,21.06,123,5.46,19.08,83.81,0
43,15.8,12.27,19.8,999.0,1000.2,32.7,39.2,24.7,6.45,16.74,135,4.34,19.08,83.81,0
52,17.9,14.27,20.9,998.6,999.8,32.0,39.4,23.9,6.03,26.19,176,6.79,19.08,83.81,0
55,18.5,15.12,21.5,997.4,998.6,32.0,38.2,23.9,6.39,24.44,174,6.34,19.08,83.81,0
54,17.8,15.3,21.8,996.3,997.5,32.5,39.8,24.4,6.5,19.98,159,5.18,19.08,83.81,0
55,19.0,15.99,22.4,993.4,994.6,32.9,41.3,23.5,6.26,23.36,152,6.06,19.08,83.81,0
53,16.8,15.98,22.6,991.4,992.6,33.5,42.5,23.5,7.2,16.74,241,4.34,19.08,83.81,0
49,16.1,14.5,21.5,992.1,993.3,33.2,40.4,24.3,7.24,27.54,118,7.14,19.08,83.81,0
63,21.6,18.33,24.0,994.1,995.3,32.9,39.7,26.4,6.25,26.6,158,6.9,19.08,83.81,0
67,22.8,18.37,23.8,996.6,997.8,31.9,37.6,26.3,5.98,28.76,183,7.46,19.08,83.81,0
62,20.3,17.26,23.1,997.7,998.9,32.2,39.6,25.1,6.57,25.38,174,6.58,19.08,83.81,0
63,20.4,16.92,22.7,999.3,1000.5,31.6,37.8,24.2,6.34,26.33,167,6.82,19.08,83.81,0
63,20.5,16.72,22.5,999.4,1000.6,31.4,38.0,23.3,6.41,22.28,170,5.78,19.08,83.81,0
63,20.7,17.21,23.0,999.6,1000.8,31.9,38.8,23.8,6.63,23.36,169,6.06,19.08,83.81,0
65,22.3,17.79,23.4,997.9,999.1,31.9,38.1,25.0,6.02,23.22,168,6.02,19.08,83.81,0
67,22.4,17.7,23.2,998.6,999.8,31.3,36.4,25.4,5.53,19.04,175,4.93,19.08,83.81,0
68,22.4,17.63,23.1,1000.5,1001.7,31.0,36.6,25.1,5.95,26.6,188,6.9,19.08,83.81,0
66,22.0,17.29,22.9,1001.2,1002.4,31.2,35.4,24.9,5.48,15.93,174,4.13,19.08,83.81,0
64,21.6,16.75,22.5,1001.7,1002.9,31.2,37.2,25.3,6.12,20.66,129,5.36,19.08,83.81,0
60,20.4,16.17,22.2,1000.7,1001.9,31.7,36.8,24.4,6.37,24.57,169,6.37,19.08,83.81,0
64,21.4,16.97,22.7,1000.4,1001.6,31.4,37.3,25.3,5.8,15.26,56,3.96,19.08,83.81,0
58,19.1,14.6,20.6,999.3,1000.5,30.5,35.0,23.6,4.93,12.15,331,3.15,19.08,83.81,0
52,17.7,13.87,20.4,998.6,999.8,31.5,36.5,24.2,6.27,23.76,116,6.16,19.08,83.81,0
61,20.0,16.56,22.5,999.6,1000.8,31.8,38.0,23.9,6.66,28.22,142,7.31,19.08,83.81,0
65,22.3,18.06,23.7,1000.0,1001.2,32.2,38.3,25.5,6.36,24.84,174,6.44,19.08,83.81,0
64,22.0,18.13,23.8,997.8,999.0,32.5,39.0,24.8,6.38,19.31,155,5.0,19.08,83.81,0
68,23.4,18.95,24.3,997.6,998.8,32.2,37.8,27.0,6.41,23.62,179,6.12,19.08,83.81,0
66,22.8,18.27,23.8,998.5,999.7,32.1,36.8,25.2,6.08,19.58,183,5.07,19.08,83.81,0
66,22.3,17.84,23.4,999.0,1000.2,31.7,37.8,25.3,6.09,35.51,191,9.2,19.08,83.81,0
66,22.0,17.84,23.4,999.0,1000.2,31.7,36.9,25.1,5.75,21.87,173,5.67,19.08,83.81,0
60,20.2,17.08,23.1,998.4,999.6,32.6,38.4,24.9,6.95,19.84,179,5.14,19.08,83.81,0
55,19.0,16.29,22.8,997.8,999.0,33.3,40.3,23.9,7.0,14.58,184,3.78,19.08,83.81,0
59,21.0,17.1,23.2,997.4,998.6,32.9,39.0,24.5,6.3,19.84,162,5.14,19.08,83.81,0
58,20.5,17.29,23.5,997.8,999.0,33.4,40.2,25.7,6.73,17.69,160,4.58,19.08,83.81,0
63,21.8,18.35,24.1,998.7,999.9,33.0,40.1,25.8,6.67,27.14,158,7.04,19.08,83.81,0
64,22.3,18.12,23.8,998.5,999.7,32.5,39.6,26.0,6.58,31.72,174,8.22,19.08,83.81,0
65,22.2,17.99,23.6,998.1,999.3,32.1,37.7,25.4,6.26,17.55,177,4.55,19.08,83.81,0
63,22.2,17.84,23.6,998.3,999.5,32.5,37.7,25.5,6.32,18.09,174,4.69,19.08,83.81,0
60,20.9,16.59,22.6,998.7,999.9,32.1,39.7,25.5,6.56,24.84,159,6.44,19.08,83.81,0
66,22.1,17.34,22.9,998.2,999.4,31.2,36.7,25.2,5.61,12.02,157,3.12,19.08,83.81,0
68,22.3,17.57,23.0,998.1,999.3,30.9,36.5,25.2,6.37,28.08,163,7.28,19.08,83.81,1
65,21.8,17.28,22.9,998.1,999.3,31.4,38.4,25.6,6.55,21.2,172,5.49,19.08,83.81,0
64,22.5,18.0,23.7,999.2,1000.4,32.4,37.1,25.3,6.6,21.2,176,5.49,19.08,83.81,0
63,22.4,18.12,23.9,999.8,1001.0,32.8,38.1,26.8,6.65,25.79,168,6.68,19.08,83.81,0
69,23.2,18.44,23.8,999.1,1000.3,31.5,36.3,26.9,4.54,21.06,156,5.46,19.08,83.81,0
66,23.1,18.5,24.0,997.5,998.7,32.3,38.1,26.3,6.13,26.06,175,6.76,19.08,83.81,0
67,23.5,18.69,24.1,996.6,997.8,32.2,37.2,26.9,6.15,24.84,186,6.44,19.08,83.81,0
71,24.0,19.38,24.5,996.1,997.3,31.8,37.0,26.6,5.92,20.12,185,5.22,19.08,83.81,0
70,23.6,19.47,24.6,994.2,995.4,32.1,37.9,24.2,6.76,19.31,170,5.0,19.08,83.81,0
71,24.1,19.64,24.7,994.3,995.5,32.0,37.3,26.7,6.09,19.04,200,4.93,19.08,83.81,0
74,24.9,20.59,25.4,994.4,995.6,32.1,35.8,26.3,5.67,20.92,189,5.42,19.08,83.81,0
67,23.7,19.26,24.6,995.6,996.8,32.7,36.4,26.2,6.3,20.79,176,5.39,19.08,83.81,0
69,24.1,19.71,24.9,996.6,997.8,32.6,36.7,26.8,6.19,22.41,171,5.81,19.08,83.81,0
68,24.1,19.86,25.1,996.9,998.1,33.0,37.2,26.2,6.42,21.47,175,5.56,19.08,83.81,0
65,24.0,19.54,25.0,996.2,997.4,33.5,38.0,26.8,6.65,23.76,176,6.16,19.08,83.81,0
62,23.0,19.09,24.8,995.0,996.2,33.9,39.8,27.5,6.97,28.22,173,7.31,19.08,83.81,0
60,23.0,18.79,24.7,994.7,995.9,34.2,39.4,28.3,6.63,25.38,170,6.58,19.08,83.81,0
74,24.8,20.59,25.4,994.8,996.0,32.1,37.3,26.2,6.01,13.1,175,3.39,19.08,83.81,1
77,24.8,20.49,25.2,993.3,994.5,31.3,35.7,25.8,5.27,19.04,138,4.93,19.08,83.81,0
64,22.2,18.77,24.3,992.4,993.6,33.0,39.1,25.9,5.88,19.84,20,5.14,19.08,83.81,0
56,20.4,16.24,22.5,990.8,992.0,32.8,37.6,25.9,4.07,22.41,355,5.81,19.08,83.81,0
54,18.6,14.07,20.2,987.6,988.8,30.9,33.0,25.4,1.36,17.55,359,4.55,19.08,83.81,0
54,18.9,14.34,20.5,986.2,987.4,31.2,36.9,25.7,4.89,27.0,35,7.0,19.08,83.81,0
50,18.6,15.29,22.2,987.9,989.1,33.7,40.7,26.6,6.94,26.6,0,6.9,19.08,83.81,0
53,20.9,16.44,23.1,991.8,993.0,34.0,39.0,26.1,6.5,18.09,122,4.69,19.08,83.81,0
69,25.1,20.8,25.8,994.2,995.4,33.5,38.5,27.8,6.53,19.58,174,5.07,19.08,83.81,0
68,25.3,21.11,26.1,993.4,994.6,34.0,38.6,28.1,6.26,15.52,185,4.02,19.08,83.81,0
64,24.9,20.69,26.0,992.1,993.3,34.7,38.8,28.6,6.77,13.1,192,3.39,19.08,83.81,0
74,25.0,20.48,25.3,994.0,995.2,32.0,36.4,26.4,4.67,12.56,187,3.26,19.08,83.81,1
81,25.9,21.4,25.9,995.4,996.6,31.2,34.2,26.8,5.08,10.4,177,2.7,19.08,83.81,1
80,25.5,20.98,25.6,996.8,998.0,31.1,35.6,26.0,6.21,14.44,182,3.74,19.08,83.81,0
76,25.2,20.86,25.6,997.0,998.2,31.9,36.0,26.1,6.4,15.52,173,4.02,19.08,83.81,0
70,24.5,20.0,25.1,996.5,997.7,32.6,36.3,26.7,6.5,15.39,173,3.99,19.08,83.81,0
67,24.0,19.48,24.8,995.9,997.1,32.9,36.8,26.8,6.59,21.87,173,5.67,19.08,83.81,0
67,24.2,19.96,25.2,994.6,995.8,33.3,37.2,26.9,6.71,18.36,172,4.76,19.08,83.81,0
72,25.4,21.14,25.9,992.7,993.9,33.0,36.8,27.5,6.34,14.18,158,3.68,19.08,83.81,0
75,25.1,20.58,25.3,991.3,992.5,31.8,35.8,27.4,4.27,17.42,174,4.51,19.08,83.81,1
89,25.1,20.19,24.8,989.9,991.1,28.5,28.2,26.4,1.64,10.66,89,2.76,19.08,83.81,1
86,24.7,19.99,24.6,988.6,989.8,28.9,30.6,25.3,3.65,16.88,86,4.38,19.08,83.81,1
85,24.9,20.11,24.7,988.5,989.7,29.2,32.1,25.3,4.6,12.56,109,3.26,19.08,83.81,1
85,25.4,20.84,25.3,988.3,989.5,29.8,33.6,25.2,4.46,11.07,79,2.87,19.08,83.81,1
83,24.8,20.24,24.8,987.8,989.0,29.7,32.1,25.7,2.82,12.42,103,3.22,19.08,83.81,1
79,24.4,19.7,24.4,988.1,989.3,30.1,32.8,26.3,3.62,12.82,161,3.32,19.08,83.81,1
75,24.0,19.33,24.2,989.8,991.0,30.7,33.3,25.2,3.69,11.21,201,2.9,19.08,83.81,0
76,24.1,19.46,24.3,990.7,991.9,30.6,33.1,26.1,3.86,14.72,188,3.82,19.08,83.81,1
89,25.1,20.13,24.8,992.6,993.8,28.5,29.4,25.7,2.12,12.56,151,3.26,19.08,83.81,1
81,24.2,19.27,24.1,994.5,995.7,29.4,31.0,25.3,2.95,14.58,169,3.78,19.08,83.81,0
72,23.5,18.68,23.8,994.4,995.6,30.9,34.7,25.0,5.73,16.47,206,4.27,19.08,83.81,0
73,23.9,19.29,24.3,993.6,994.8,31.2,35.7,25.4,5.73,10.26,106,2.66,19.08,83.81,0
77,24.7,20.13,24.9,993.2,994.4,31.0,34.0,25.6,4.09,6.35,56,1.64,19.08,83.81,0
82,25.1,20.47,25.1,993.6,994.8,30.2,32.1,25.7,3.95,12.42,144,3.22,19.08,83.81,1
80,24.6,20.33,25.0,992.9,994.1,30.5,34.6,25.1,5.85,15.8,215,4.1,19.08,83.81,0
76,23.8,18.89,23.8,991.3,992.5,30.1,33.8,24.7,5.15,18.63,360,4.83,19.08,83.81,0
81,24.4,19.43,24.2,992.0,993.2,29.5,31.8,25.6,5.3,14.44,176,3.74,19.08,83.81,1
85,25.0,20.23,24.9,994.5,995.7,29.4,32.3,25.3,5.97,21.6,166,5.6,19.08,83.81,1
79,24.6,19.9,24.7,995.5,996.7,30.4,33.0,25.3,6.14,19.84,174,5.14,19.08,83.81,1
75,24.6,19.92,24.8,994.9,996.1,31.3,34.2,26.4,5.67,14.44,183,3.74,19.08,83.81,0
80,25.6,21.04,25.6,993.7,994.9,31.1,33.7,26.5,5.57,16.74,189,4.34,19.08,83.81,1
84,26.0,21.5,25.9,992.4,993.6,30.6,33.2,26.1,5.26,16.74,180,4.34,19.08,83.81,1
85,25.5,20.85,25.4,993.6,994.8,29.9,31.9,25.9,3.72,11.34,174,2.94,19.08,83.81,1
87,24.9,19.98,24.7,994.7,995.9,28.8,29.2,25.3,2.59,10.26,86,2.66,19.08,83.81,1
86,25.2,20.35,25.0,994.5,995.7,29.3,31.6,25.5,4.05,10.26,83,2.66,19.08,83.81,1
85,25.4,20.84,25.4,994.1,995.3,29.9,30.9,25.4,4.92,12.56,27,3.26,19.08,83.81,1
82,25.3,20.72,25.3,993.0,994.2,30.4,33.5,25.8,6.24,12.28,157,3.18,19.08,83.81,1
85,25.7,21.12,25.6,992.9,994.1,30.1,32.2,25.9,5.07,12.28,163,3.18,19.08,83.81,1
90,25.5,20.72,25.3,992.8,994.0,28.8,30.0,25.5,3.15,11.61,139,3.01,19.08,83.81,1
83,25.2,20.65,25.2,991.3,992.5,30.1,33.4,25.0,6.28,13.64,146,3.53,19.08,83.81,0
83,25.2,20.79,25.3,990.3,991.5,30.2,33.2,25.7,6.01,18.09,147,4.69,19.08,83.81,1
87,25.0,20.18,24.8,990.8,992.0,28.9,31.0,25.0,5.48,16.74,189,4.34,19.08,83.81,1
85,24.4,19.69,24.4,991.8,993.0,28.9,31.6,24.5,6.04,22.68,182,5.88,19.08,83.81,1
87,24.4,19.46,24.2,991.5,992.7,28.3,30.0,25.1,3.83,17.69,171,4.58,19.08,83.81,1
84,24.2,19.23,24.0,991.8,993.0,28.7,31.4,24.4,5.54,28.22,161,7.31,19.08,83.81,1
81,24.0,19.18,24.0,993.3,994.5,29.3,31.7,25.0,6.01,24.3,162,6.3,19.08,83.81,0
79,24.2,19.32,24.2,995.9,997.1,29.9,31.8,25.1,5.83,18.5,173,4.79,19.08,83.81,1
80,24.5,19.81,24.6,995.4,996.6,30.1,33.1,25.1,6.08,18.36,175,4.76,19.08,83.81,0
80,24.9,20.2,24.9,993.3,994.5,30.4,33.4,25.6,6.09,19.98,173,5.18,19.08,83.81,1
80,25.1,20.48,25.1,991.6,992.8,30.6,34.5,26.2,6.22,22.01,159,5.7,19.08,83.81,1
88,25.7,21.02,25.5,991.4,992.6,29.4,32.2,25.5,4.38,17.01,63,4.41,19.08,83.81,1
87,25.2,20.45,25.0,989.3,990.5,29.1,31.2,25.7,2.92,11.74,71,3.04,19.08,83.81,1
89,25.2,20.64,25.1,985.4,986.6,28.8,31.1,24.8,4.09,13.37,117,3.46,19.08,83.81,1
90,25.3,20.75,25.2,985.7,986.9,28.7,29.9,25.6,2.74,12.82,151,3.32,19.08,83.81,1
78,23.9,19.21,24.0,988.6,989.8,29.9,33.3,25.1,5.2,12.82,200,3.32,19.08,83.81,0
79,24.7,20.11,24.8,991.0,992.2,30.5,33.2,25.9,4.77,12.28,176,3.18,19.08,83.81,0
74,24.3,19.96,24.8,990.7,991.9,31.5,35.1,25.7,5.7,15.26,223,3.96,19.08,83.81,0
79,24.2,19.43,24.2,990.1,991.3,29.9,31.4,26.3,3.13,12.42,184,3.22,19.08,83.81,1
84,24.5,19.83,24.5,990.9,992.1,29.2,30.5,25.8,3.13,13.77,168,3.57,19.08,83.81,1
87,24.4,19.47,24.2,991.1,992.3,28.3,29.8,25.3,2.13,11.07,152,2.87,19.08,83.81,1
81,23.7,18.75,23.6,991.9,993.1,28.9,31.3,24.6,3.16,12.69,170,3.29,19.08,83.81,1
76,23.2,18.1,23.1,992.4,993.6,29.4,32.1,25.4,4.47,15.26,186,3.96,19.08,83.81,1
77,23.7,18.91,23.8,991.7,992.9,29.9,33.6,25.2,5.54,14.44,197,3.74,19.08,83.81,0
78,24.3,19.83,24.6,992.4,993.6,30.5,34.6,24.5,6.44,9.59,268,2.48,19.08,83.81,0
80,24.3,19.72,24.5,993.9,995.1,30.0,32.6,24.9,4.87,14.58,260,3.78,19.08,83.81,0
80,24.8,20.43,25.1,993.7,994.9,30.6,34.4,25.2,5.76,17.14,298,4.44,19.08,83.81,0
90,25.2,20.48,25.1,992.4,993.6,28.6,30.1,25.3,2.56,11.48,96,2.97,19.08,83.81,1
85,25.1,20.52,25.1,991.9,993.1,29.6,32.2,24.7,4.67,12.42,188,3.22,19.08,83.81,1
80,24.5,19.84,24.6,993.7,994.9,30.1,32.5,24.9,5.68,10.66,209,2.76,19.08,83.81,0
79,24.8,20.02,24.8,995.6,996.8,30.5,33.6,25.8,5.85,17.28,174,4.48,19.08,83.81,0
83,25.8,21.29,25.8,995.9,997.1,30.7,34.1,26.3,6.23,14.04,179,3.64,19.08,83.81,1
85,26.3,22.11,26.4,994.0,995.2,30.9,33.3,26.0,5.86,14.31,185,3.71,19.08,83.81,0
83,26.1,21.84,26.2,993.7,994.9,31.1,35.0,26.3,6.25,10.26,28,2.66,19.08,83.81,1
87,25.9,21.32,25.8,995.0,996.2,29.9,32.2,26.1,5.23,16.2,142,4.2,19.08,83.81,1
86,26.0,21.47,25.9,993.8,995.0,30.2,33.1,25.7,5.35,12.69,69,3.29,19.08,83.81,1
86,25.7,21.26,25.7,992.1,993.3,30.0,32.5,25.9,5.77,16.6,57,4.3,19.08,83.81,1
87,25.5,21.01,25.5,992.2,993.4,29.6,32.9,25.3,5.41,15.93,34,4.13,19.08,83.81,1
87,25.2,20.37,25.0,993.2,994.4,29.1,32.2,25.1,4.89,17.55,13,4.55,19.08,83.81,1
89,25.0,20.23,24.9,993.4,994.6,28.6,30.3,24.8,4.25,15.8,167,4.1,19.08,83.81,1
87,24.8,20.03,24.7,992.5,993.7,28.8,30.3,25.4,4.3,13.1,173,3.39,19.08,83.81,1
83,24.5,19.67,24.4,992.5,993.7,29.3,31.8,25.1,5.15,15.93,173,4.13,19.08,83.81,1
87,24.6,19.63,24.4,994.5,995.7,28.5,30.5,24.7,4.89,17.69,167,4.58,19.08,83.81,1
87,24.6,19.69,24.5,997.5,998.7,28.6,31.5,24.8,5.88,22.14,170,5.74,19.08,83.81,1
80,24.3,19.42,24.3,997.3,998.5,29.8,33.0,25.0,6.46,18.5,160,4.79,19.08,83.81,0
80,24.9,20.02,24.8,996.6,997.8,30.3,33.2,25.1,6.44,15.93,161,4.13,19.08,83.81,0
85,25.3,20.81,25.4,995.8,997.0,29.9,33.0,25.5,5.98,11.21,172,2.9,19.08,83.81,0
85,25.5,20.85,25.4,993.8,995.0,29.9,32.1,25.1,5.72,7.43,166,1.92,19.08,83.81,1
87,25.8,21.25,25.7,992.5,993.7,29.8,32.2,25.6,4.86,13.23,106,3.43,19.08,83.81,1
88,25.4,20.63,25.2,992.5,993.7,29.1,31.4,25.4,3.63,10.26,96,2.66,19.08,83.81,1
88,25.0,20.18,24.8,990.5,991.7,28.7,30.4,24.8,5.05,16.47,34,4.27,19.08,83.81,1
89,24.9,20.06,24.7,990.1,991.3,28.4,30.4,24.9,3.93,19.98,176,5.18,19.08,83.81,1
87,24.4,19.43,24.2,993.1,994.3,28.3,29.5,24.9,4.57,19.84,175,5.14,19.08,83.81,1
86,24.2,19.15,24.0,996.0,997.2,28.3,30.3,24.5,5.56,23.36,168,6.06,19.08,83.81,1
86,24.4,19.35,24.2,997.3,998.5,28.5,31.5,24.5,5.58,21.6,178,5.6,19.08,83.81,1
85,24.7,19.84,24.6,996.0,997.2,29.1,32.6,24.5,6.13,18.09,169,4.69,19.08,83.81,1
84,24.6,19.99,24.7,994.2,995.4,29.4,32.7,24.5,6.23,17.55,174,4.55,19.08,83.81,1
84,24.6,19.9,24.6,993.2,994.4,29.3,33.2,24.8,5.61,16.07,80,4.16,19.08,83.81,0
88,25.2,20.51,25.1,992.3,993.5,29.0,32.0,24.9,5.35,14.44,49,3.74,19.08,83.81,1
89,25.1,20.3,24.9,990.2,991.4,28.6,30.1,25.0,3.64,19.98,0,5.18,19.08,83.81,1
88,24.5,19.68,24.4,991.8,993.0,28.3,29.9,24.5,4.39,26.73,166,6.93,19.08,83.81,1
84,24.4,19.52,24.3,994.7,995.9,29.0,31.6,24.9,5.01,15.12,170,3.92,19.08,83.81,1
89,25.2,20.45,25.1,994.8,996.0,28.8,30.4,24.9,4.2,8.78,89,2.28,19.08,83.81,1
89,25.1,20.23,24.9,993.7,994.9,28.6,30.6,25.4,3.66,13.5,24,3.5,19.08,83.81,1
90,24.9,20.01,24.7,991.9,993.1,28.2,31.2,24.4,4.7,15.66,106,4.06,19.08,83.81,1
91,25.2,20.28,24.9,989.7,990.9,28.2,29.2,24.8,2.55,10.26,86,2.66,19.08,83.81,1
93,24.8,20.03,24.7,988.4,989.6,27.6,27.8,24.9,1.44,14.85,143,3.85,19.08,83.81,1
88,24.8,20.19,24.8,990.2,991.4,28.7,30.9,25.0,3.89,20.52,177,5.32,19.08,83.81,1
86,25.2,20.36,25.0,993.9,995.1,29.3,32.3,25.2,4.87,15.26,175,3.96,19.08,83.81,1
84,24.7,19.99,24.7,994.5,995.7,29.4,32.4,24.7,5.56,12.69,164,3.29,19.08,83.81,0
85,25.0,20.36,25.0,994.2,995.4,29.5,32.5,24.8,5.91,7.43,157,1.92,19.08,83.81,0
87,25.2,20.55,25.2,996.2,997.4,29.3,32.0,24.9,5.69,10.94,142,2.83,19.08,83.81,1
90,25.3,20.37,25.1,998.0,999.2,28.6,30.0,25.6,4.14,11.07,65,2.87,19.08,83.81,1
89,24.9,19.93,24.7,996.5,997.7,28.4,30.8,25.0,3.94,12.56,137,3.26,19.08,83.81,1
89,25.2,20.58,25.2,994.3,995.5,28.9,30.9,24.8,4.42,7.56,112,1.96,19.08,83.81,1
86,24.8,20.02,24.7,992.9,994.1,29.0,31.6,24.9,5.15,17.55,133,4.55,19.08,83.81,1
88,24.8,19.86,24.6,994.4,995.6,28.5,30.6,24.9,4.91,21.74,180,5.64,19.08,83.81,1
85,24.8,19.84,24.6,996.0,997.2,29.1,31.1,24.7,5.29,16.07,177,4.16,19.08,83.81,1
88,25.4,20.7,25.3,994.8,996.0,29.2,32.5,25.5,5.73,14.04,60,3.64,19.08,83.81,0
90,24.9,20.17,24.8,990.3,991.5,28.3,29.2,25.6,1.39,41.44,3,10.74,19.08,83.81,1
91,24.2,19.2,24.0,990.8,992.0,27.3,27.1,24.7,1.48,26.19,138,6.79,19.08,83.81,1
90,24.3,19.36,24.2,994.9,996.1,27.7,28.5,24.3,3.2,16.47,173,4.27,19.08,83.81,1
87,24.4,19.59,24.4,996.8,998.0,28.5,31.7,24.4,5.29,12.42,181,3.22,19.08,83.81,0
85,24.8,19.92,24.7,998.1,999.3,29.2,31.9,25.0,5.69,17.28,183,4.48,19.08,83.81,1
84,24.4,19.67,24.5,998.5,999.7,29.2,32.7,24.0,6.13,17.28,178,4.48,19.08,83.81,0
83,24.9,20.14,24.9,998.5,999.7,29.8,32.7,25.0,5.56,13.77,183,3.57,19.08,83.81,0
85,25.0,20.4,25.1,997.7,998.9,29.6,32.5,24.8,5.6,16.34,178,4.23,19.08,83.81,0
88,25.3,20.53,25.2,997.1,998.3,29.1,31.9,24.8,5.23,13.5,177,3.5,19.08,83.81,1
86,25.0,20.04,24.8,997.8,999.0,29.1,31.9,24.7,5.15,9.99,125,2.59,19.08,83.81,1
84,24.1,19.23,24.1,997.4,998.6,28.8,31.7,23.8,5.13,12.56,176,3.26,19.08,83.81,0
82,24.5,19.7,24.5,996.3,997.5,29.6,32.7,24.1,5.82,12.96,145,3.36,19.08,83.81,0
83,25.0,20.32,25.0,995.6,996.8,29.9,33.5,24.9,5.53,10.12,15,2.62,19.08,83.81,0
84,25.4,20.81,25.4,995.7,996.9,30.1,33.3,25.6,5.56,10.26,34,2.66,19.08,83.81,0
78,24.0,19.3,24.2,995.8,997.0,30.1,33.6,24.9,5.81,15.93,6,4.13,19.08,83.81,0
74,22.4,17.78,22.9,995.2,996.4,29.6,32.9,23.8,5.76,9.72,354,2.52,19.08,83.81,0
81,24.2,19.37,24.2,995.1,996.3,29.5,32.3,24.4,5.05,9.72,359,2.52,19.08,83.81,0
80,24.1,19.37,24.2,994.5,995.7,29.7,32.8,24.4,4.28,16.07,31,4.16,19.08,83.81,0
74,23.1,18.34,23.4,993.6,994.8,30.1,33.8,24.7,4.38,16.88,8,4.38,19.08,83.81,0
89,24.1,19.09,23.9,991.8,993.0,27.6,29.1,24.2,2.2,18.5,342,4.79,19.08,83.81,1
87,24.3,19.44,24.2,992.7,993.9,28.3,31.5,24.6,4.19,16.07,203,4.16,19.08,83.81,1
92,24.3,19.23,24.1,994.2,995.4,27.2,27.0,24.5,1.61,9.45,180,2.45,19.08,83.81,1
88,24.7,19.86,24.6,994.8,996.0,28.5,31.8,24.3,4.63,13.23,155,3.43,19.08,83.81,0
90,24.9,20.01,24.8,998.0,999.2,28.3,30.7,24.4,3.48,13.64,150,3.53,19.08,83.81,1
85,24.4,19.29,24.2,1000.7,1001.9,28.7,31.2,24.7,4.25,8.91,43,2.31,19.08,83.81,0
81,23.3,18.36,23.4,1001.2,1002.4,28.7,32.0,23.3,5.62,11.21,26,2.9,19.08,83.81,0
75,21.4,16.58,21.8,1001.7,1002.9,28.3,32.2,22.9,5.85,15.93,10,4.13,19.08,83.81,0
72,19.8,15.06,20.3,1002.8,1004.0,27.4,31.6,21.0,5.71,9.59,337,2.48,19.08,83.81,0
73,20.3,15.45,20.7,1002.8,1004.0,27.6,31.5,21.3,5.63,9.72,282,2.52,19.08,83.81,0
74,20.4,15.69,20.9,1001.5,1002.7,27.6,30.8,21.4,5.57,11.61,1,3.01,19.08,83.81,0
71,19.6,14.71,19.9,1000.5,1001.7,27.2,31.7,20.4,5.61,14.58,354,3.78,19.08,83.81,0
69,19.9,14.98,20.3,1000.8,1002.0,28.0,32.4,21.4,5.39,18.63,5,4.83,19.08,83.81,0
72,21.0,15.82,21.1,1001.3,1002.5,28.2,31.9,22.4,5.23,17.55,6,4.55,19.08,83.81,0
84,22.2,16.97,22.1,1002.9,1004.1,26.8,30.4,22.8,3.83,21.33,346,5.53,19.08,83.81,1
88,23.1,17.67,22.8,1003.7,1004.9,26.7,29.9,22.8,4.09,19.84,347,5.14,19.08,83.81,0
86,22.9,17.69,22.8,1003.1,1004.3,27.1,30.6,22.1,4.83,23.9,356,6.19,19.08,83.81,1
87,22.5,17.27,22.4,1003.0,1004.2,26.5,30.0,22.3,4.64,17.96,349,4.66,19.08,83.81,0
93,22.6,17.17,22.4,1003.4,1004.6,25.3,25.9,22.2,2.14,12.42,304,3.22,19.08,83.81,1
84,22.1,16.77,21.9,1002.8,1004.0,26.6,29.8,22.7,4.56,17.82,306,4.62,19.08,83.81,0
86,21.9,16.67,21.8,1002.4,1003.6,26.1,29.1,21.6,4.31,13.77,314,3.57,19.08,83.81,1
84,21.5,16.39,21.5,1001.8,1003.0,26.2,29.2,21.0,5.03,11.07,298,2.87,19.08,83.81,0
81,20.4,15.53,20.6,1000.5,1001.7,25.9,29.4,21.0,5.28,11.61,316,3.01,19.08,83.81,0
72,18.0,13.3,18.2,1000.7,1001.9,25.3,29.4,19.2,5.51,12.56,343,3.26,19.08,83.81,0
74,17.8,13.25,18.1,1001.4,1002.6,24.8,30.0,18.2,5.44,12.15,1,3.15,19.08,83.81,0
71,17.7,13.02,17.9,1001.8,1003.0,25.2,30.5,18.4,5.38,12.96,357,3.36,19.08,83.81,0
73,18.6,13.73,18.7,1000.9,1002.1,25.6,31.4,18.7,5.31,15.52,2,4.02,19.08,83.81,0
79,20.7,15.44,20.5,999.7,1000.9,26.2,29.9,20.7,3.91,14.99,341,3.88,19.08,83.81,1
93,22.9,17.54,22.7,1000.1,1001.3,25.6,25.8,22.8,1.74,12.02,264,3.12,19.08,83.81,1
93,23.1,17.75,22.9,1000.3,1001.5,25.8,26.3,22.8,1.8,10.94,249,2.83,19.08,83.81,1
88,23.2,17.95,23.0,1000.1,1001.3,26.9,30.0,23.0,3.53,14.18,208,3.68,19.08,83.81,1
89,23.4,18.29,23.3,998.9,1000.1,27.0,30.4,22.8,3.97,19.84,196,5.14,19.08,83.81,1
90,23.4,18.26,23.3,999.8,1001.0,26.8,29.7,22.8,3.71,11.61,353,3.01,19.08,83.81,1
80,21.9,16.77,21.9,1001.4,1002.6,27.4,31.0,22.8,4.62,15.66,357,4.06,19.08,83.81,0
74,19.7,14.79,19.9,1000.5,1001.7,26.6,30.5,21.2,4.89,12.56,345,3.26,19.08,83.81,0
82,21.3,16.14,21.2,998.8,1000.0,26.3,29.4,21.0,3.96,13.1,285,3.39,19.08,83.81,1
90,23.2,18.05,23.1,999.0,1000.2,26.6,30.2,22.7,3.35,13.5,206,3.5,19.08,83.81,1
84,23.0,17.95,23.0,1000.7,1001.9,27.7,30.9,23.1,4.05,12.02,188,3.12,19.08,83.81,0
87,23.4,18.26,23.3,1001.3,1002.5,27.4,31.1,23.1,4.31,15.39,142,3.99,19.08,83.81,0
84,22.9,17.74,22.8,1000.8,1002.0,27.5,31.2,23.3,4.55,17.55,47,4.55,19.08,83.81,1
83,22.5,17.3,22.4,1001.8,1003.0,27.3,30.6,22.6,4.47,14.72,284,3.82,19.08,83.81,0
82,21.5,16.38,21.5,1002.2,1003.4,26.6,30.4,22.0,4.58,10.4,57,2.7,19.08,83.81,0
77,20.0,15.09,20.2,1002.6,1003.8,26.3,29.7,21.5,4.9,9.59,338,2.48,19.08,83.81,0
75,19.2,14.33,19.4,1003.3,1004.5,25.9,29.4,20.3,4.91,12.02,331,3.12,19.08,83.81,0
76,18.6,13.82,18.8,1004.4,1005.6,25.1,28.2,19.5,4.5,12.02,320,3.12,19.08,83.81,0
63,14.9,10.96,15.5,1004.6,1005.8,24.4,28.9,18.7,4.82,10.66,351,2.76,19.08,83.81,0
68,15.0,11.0,15.3,1004.3,1005.5,23.2,27.8,16.6,4.94,10.8,349,2.8,19.08,83.81,0
73,16.2,11.75,16.2,1003.6,1004.8,23.1,27.2,16.1,4.95,12.56,317,3.26,19.08,83.81,0
77,17.1,12.63,17.3,1003.4,1004.6,23.4,27.9,17.2,4.98,9.86,330,2.55,19.08,83.81,0
79,17.8,12.81,17.5,1003.1,1004.3,23.2,26.0,18.7,1.75,18.76,350,4.86,19.08,83.81,1
83,18.7,13.41,18.2,1001.3,1002.5,23.1,24.3,19.9,2.1,28.22,356,7.31,19.08,83.81,1
83,20.0,14.8,19.8,1000.7,1001.9,24.7,26.5,21.0,2.24,24.98,9,6.48,19.08,83.81,1
84,20.7,15.43,20.5,1001.5,1002.7,25.2,27.5,19.8,2.9,12.69,23,3.29,19.08,83.81,0
79,19.8,14.57,19.6,1003.0,1004.2,25.3,28.7,20.2,4.46,14.04,343,3.64,19.08,83.81,0
77,19.2,14.09,19.1,1004.3,1005.5,25.2,29.2,19.3,3.91,11.74,344,3.04,19.08,83.81,0
82,19.8,14.54,19.6,1006.0,1007.2,24.7,26.6,20.7,2.82,13.1,335,3.39,19.08,83.81,1
78,19.0,13.9,18.9,1006.4,1007.6,24.8,28.4,19.0,4.57,9.45,315,2.45,19.08,83.81,0
82,20.0,14.81,19.9,1006.0,1007.2,25.0,28.8,19.7,4.48,10.12,345,2.62,19.08,83.81,0
77,18.4,13.48,18.4,1006.4,1007.6,24.5,28.3,19.3,4.59,13.5,341,3.5,19.08,83.81,0
76,16.7,12.21,16.8,1005.7,1006.9,23.1,27.2,17.2,4.54,10.8,342,2.8,19.08,83.81,0
72,15.2,11.22,15.5,1005.1,1006.3,22.6,26.0,16.3,4.29,8.91,356,2.31,19.08,83.81,0
74,15.5,11.25,15.5,1005.2,1006.4,22.2,25.7,16.5,4.25,9.59,328,2.48,19.08,83.81,0
72,13.9,10.34,14.2,1005.8,1007.0,21.3,26.3,13.8,4.72,12.82,356,3.32,19.08,83.81,0
68,12.6,9.46,12.9,1006.0,1007.2,20.8,26.4,13.0,4.91,14.58,6,3.78,19.08,83.81,0
69,13.7,10.03,13.8,1005.6,1006.8,21.5,27.5,13.1,4.85,13.1,5,3.39,19.08,83.81,0
69,13.6,10.15,14.0,1006.2,1007.4,21.7,26.0,16.0,4.83,10.8,9,2.8,19.08,83.81,0
63,10.3,8.28,11.0,1006.6,1007.8,19.9,24.5,13.2,4.9,15.8,32,4.1,19.08,83.81,0
59,8.8,7.32,9.3,1006.0,1007.2,19.0,23.9,11.8,5.0,11.07,17,2.87,19.08,83.81,0
56,8.8,7.23,9.3,1004.4,1005.6,19.6,25.0,14.3,4.95,12.42,72,3.22,19.08,83.81,0
63,11.3,8.78,11.9,1003.9,1005.1,20.8,27.0,14.7,4.89,12.56,200,3.26,19.08,83.81,0
73,14.2,10.71,14.7,1003.7,1004.9,21.6,27.6,15.3,4.83,14.44,180,3.74,19.08,83.81,0
81,16.9,12.34,16.9,1004.0,1005.2,22.2,27.4,16.1,4.05,12.28,216,3.18,19.08,83.81,0
80,18.4,13.59,18.5,1005.5,1006.7,24.0,28.3,17.9,3.98,13.64,205,3.53,19.08,83.81,0
81,18.6,13.67,18.6,1006.4,1007.6,23.9,28.2,18.6,3.99,16.2,181,4.2,19.08,83.81,0
83,18.6,13.76,18.7,1005.7,1006.9,23.6,28.0,17.6,4.15,18.76,185,4.86,19.08,83.81,0
84,18.5,13.51,18.4,1005.9,1007.1,23.1,27.5,18.3,4.13,16.07,270,4.16,19.08,83.81,0
76,17.4,12.72,17.5,1008.2,1009.4,23.8,27.3,18.1,4.25,14.04,328,3.64,19.08,83.81,0
70,16.3,11.77,16.4,1008.7,1009.9,23.9,28.1,17.0,4.69,13.1,338,3.39,19.08,83.81,0
71,15.1,11.1,15.4,1008.4,1009.6,22.7,27.6,16.3,4.78,11.34,349,2.94,19.08,83.81,0
65,14.1,10.49,14.7,1006.9,1008.1,23.2,27.3,15.8,4.78,12.02,10,3.12,19.08,83.81,0
72,14.3,10.67,14.7,1006.0,1007.2,21.8,26.6,14.7,4.9,14.72,184,3.82,19.08,83.81,0
75,15.3,11.25,15.5,1006.2,1007.4,22.0,27.5,14.7,4.85,16.74,190,4.34,19.08,83.81,0
73,14.8,11.23,15.5,1005.9,1007.1,22.4,28.5,15.2,4.82,14.18,171,3.68,19.08,83.81,0
75,15.8,11.84,16.3,1005.2,1006.4,22.8,28.8,16.4,4.79,15.26,186,3.96,19.08,83.81,0
74,15.7,11.89,16.4,1005.6,1006.8,23.1,29.1,16.9,4.7,16.34,181,4.23,19.08,83.81,0
73,14.8,11.3,15.6,1005.8,1007.0,22.5,28.8,16.1,4.9,13.23,177,3.43,19.08,83.81,0
71,15.1,11.42,15.8,1003.8,1005.0,23.1,28.9,16.6,4.96,13.64,171,3.53,19.08,83.81,0
77,17.5,13.02,17.8,1004.4,1005.6,23.9,28.9,16.9,4.44,9.86,156,2.55,19.08,83.81,0
77,17.7,13.18,18.0,1004.1,1005.3,24.1,28.9,18.3,4.47,23.49,224,6.09,19.08,83.81,0
87,18.2,13.01,17.8,1004.3,1005.5,21.9,23.6,18.2,3.13,11.21,329,2.9,19.08,83.81,1
88,18.3,13.24,18.1,1004.2,1005.4,22.0,25.4,18.2,3.54,15.52,353,4.02,19.08,83.81,1
86,18.6,13.52,18.4,1003.7,1004.9,22.7,26.5,18.8,4.02,13.77,246,3.57,19.08,83.81,1
84,18.1,13.11,17.9,1004.6,1005.8,22.6,25.7,18.0,3.82,11.88,330,3.08,19.08,83.81,0
75,16.4,11.89,16.4,1006.4,1007.6,22.9,26.8,17.4,4.84,11.74,339,3.04,19.08,83.81,0
77,15.7,11.47,15.8,1007.4,1008.6,21.9,26.1,16.4,5.03,13.9,20,3.6,19.08,83.81,0
64,11.9,9.24,12.7,1005.7,1006.9,21.4,25.6,14.8,5.3,9.72,7,2.52,19.08,83.81,0
68,13.0,9.73,13.3,1003.5,1004.7,21.2,26.2,16.1,5.25,9.18,295,2.38,19.08,83.81,0
73,15.3,11.21,15.4,1001.1,1002.3,22.3,27.2,15.0,5.05,11.34,150,2.94,19.08,83.81,0
80,17.2,12.77,17.4,1000.2,1001.4,22.9,28.1,17.3,3.97,15.26,191,3.96,19.08,83.81,0
68,14.8,11.33,15.7,999.2,1000.4,23.6,29.1,16.1,5.31,14.72,351,3.82,19.08,83.81,0
79,17.7,13.02,17.7,999.1,1000.3,23.4,29.0,17.1,4.02,21.87,195,5.67,19.08,83.81,0
76,17.4,12.91,17.6,999.6,1000.8,23.9,27.5,17.7,4.63,9.59,18,2.48,19.08,83.81,0
71,15.9,12.04,16.6,1000.7,1001.9,23.9,27.7,18.4,5.27,11.88,39,3.08,19.08,83.81,0
67,14.9,11.0,15.3,1001.8,1003.0,23.4,28.1,16.5,5.26,16.6,33,4.3,19.08,83.81,0
59,11.1,8.75,12.1,1003.6,1004.8,21.8,27.2,15.1,5.48,18.5,21,4.79,19.08,83.81,0
61,10.1,8.23,11.0,1005.1,1006.3,20.3,25.9,13.1,5.58,15.39,17,3.99,19.08,83.81,0
56,8.2,7.55,10.0,1005.5,1006.7,20.3,26.6,11.8,5.71,12.15,14,3.15,19.08,83.81,0
58,10.7,8.4,11.5,1003.1,1004.3,21.4,27.8,13.7,5.63,11.48,99,2.97,19.08,83.81,0
70,13.9,10.74,14.8,1002.0,1003.2,22.3,29.1,15.3,5.61,14.04,158,3.64,19.08,83.81,0
71,14.9,11.6,16.0,1000.9,1002.1,23.3,30.7,16.2,5.26,20.52,96,5.32,19.08,83.81,0
70,15.6,12.07,16.7,1002.0,1003.2,24.2,30.7,16.6,5.51,15.8,197,4.1,19.08,83.81,0
73,17.4,13.15,18.0,1001.3,1002.5,24.9,31.0,18.2,4.83,30.38,175,7.87,19.08,83.81,0
74,17.9,13.37,18.2,998.9,1000.1,24.9,29.7,19.0,4.17,26.86,186,6.96,19.08,83.81,0
57,10.1,8.9,12.5,1002.0,1003.2,22.6,28.0,15.1,5.89,13.9,26,3.6,19.08,83.81,0
56,10.8,8.71,12.3,1005.0,1006.2,22.6,28.4,14.7,5.85,19.58,298,5.07,19.08,83.81,0
70,15.5,11.82,16.4,1004.5,1005.7,23.9,30.1,16.4,5.67,24.7,112,6.4,19.08,83.81,0
69,15.1,11.95,16.6,1003.5,1004.7,24.3,30.8,17.0,5.57,20.66,180,5.36,19.08,83.81,0
70,16.3,12.42,17.2,1003.8,1005.0,24.7,30.5,17.6,5.22,26.6,171,6.9,19.08,83.81,0
67,15.9,12.04,16.8,1003.1,1004.3,24.9,30.1,17.6,5.59,19.98,49,5.18,19.08,83.81,0
60,14.7,11.38,16.3,1003.2,1004.4,25.8,31.7,18.6,5.47,19.84,10,5.14,19.08,83.81,0
49,9.2,8.42,12.5,1003.3,1004.5,24.2,30.7,16.3,6.03,19.58,19,5.07,19.08,83.81,0
46,7.6,7.67,11.4,1002.3,1003.5,23.7,30.7,14.5,6.21,17.28,107,4.48,19.08,83.81,0
57,11.0,9.46,13.5,1002.0,1003.2,23.6,31.0,15.5,6.15,25.38,108,6.58,19.08,83.81,0
57,11.4,9.88,14.2,1001.6,1002.8,24.3,31.8,15.1,6.12,20.52,38,5.32,19.08,83.81,0
57,12.7,10.65,15.4,999.4,1000.6,25.5,33.1,16.4,5.99,22.41,125,5.81,19.08,83.81,0
60,14.7,11.7,16.7,999.3,1000.5,26.2,31.8,17.3,5.33,17.55,87,4.55,19.08,83.81,0
64,17.1,13.16,18.4,1000.9,1002.1,27.1,32.0,19.5,5.43,27.68,168,7.18,19.08,83.81,0
65,17.6,13.51,18.8,1002.0,1003.2,27.3,31.8,20.3,5.45,20.52,186,5.32,19.08,83.81,0
60,16.7,13.27,18.8,998.8,1000.0,28.3,34.6,20.9,4.63,17.55,204,4.55,19.08,83.81,0
54,13.8,11.45,16.9,999.0,1000.2,27.6,34.3,19.8,6.07,16.2,71,4.2,19.08,83.81,0
59,14.4,12.48,17.9,1002.2,1003.4,27.6,34.2,20.1,6.13,16.2,33,4.2,19.08,83.81,0
67,18.3,14.4,19.8,1005.0,1006.2,27.9,34.2,21.0,5.98,22.82,165,5.91,19.08,83.81,0
62,17.0,13.79,19.4,1005.2,1006.4,28.5,35.3,21.0,5.97,22.01,168,5.7,19.08,83.81,0
60,16.2,13.12,18.7,1004.5,1005.7,28.2,35.0,20.6,5.76,27.0,172,7.0,19.08,83.81,0
60,13.9,12.43,17.8,1005.2,1006.4,27.3,35.4,19.1,6.37,22.95,174,5.95,19.08,83.81,0
54,11.3,10.72,15.9,1004.9,1006.1,26.6,34.8,17.8,6.36,16.88,167,4.38,19.08,83.81,0
41,8.9,8.48,14.0,1003.8,1005.0,27.3,35.1,18.8,6.51,12.42,163,3.22,19.08,83.81,0
42,10.4,9.06,14.9,1003.9,1005.1,28.0,35.6,19.4,6.47,29.84,197,7.74,19.08,83.81,0
45,11.6,9.83,15.7,1003.7,1004.9,28.2,36.1,19.6,6.39,21.74,135,5.64,19.08,83.81,0
49,13.4,10.84,16.7,1003.5,1004.7,28.4,35.7,20.0,6.29,20.66,196,5.36,19.08,83.81,0
49,13.3,10.91,16.8,1003.1,1004.3,28.5,35.6,20.1,6.32,27.54,182,7.14,19.08,83.81,0
42,11.0,9.35,15.4,1002.0,1003.2,28.5,35.8,20.3,6.36,26.06,180,6.76,19.08,83.81,0
35,9.5,8.12,14.7,1001.6,1002.8,29.2,36.2,21.1,6.52,29.02,119,7.52,19.08,83.81,0
43,11.7,9.92,16.2,1001.9,1003.1,29.1,36.3,20.2,6.49,29.3,59,7.59,19.08,83.81,0
46,12.1,10.75,17.0,1001.2,1002.4,29.3,36.9,20.4,6.59,22.01,72,5.7,19.08,83.81,0
46,12.3,10.75,17.0,1000.9,1002.1,29.3,36.6,20.3,6.63,16.2,12,4.2,19.08,83.81,0
43,11.5,10.23,16.7,1000.4,1001.6,29.6,37.1,21.3,6.58,14.85,346,3.85,19.08,83.81,0
41,11.4,9.93,16.6,1000.1,1001.3,29.9,37.4,20.9,6.62,18.9,36,4.9,19.08,83.81,0
39,11.9,9.67,16.6,999.6,1000.8,30.3,37.1,21.9,6.37,18.09,90,4.69,19.08,83.81,0
38,10.7,9.47,16.5,999.9,1001.1,30.4,37.8,22.6,6.67,17.55,24,4.55,19.08,83.81,0
37,9.3,9.01,15.9,1000.0,1001.2,30.0,37.6,21.3,6.84,18.76,9,4.86,19.08,83.81,0
38,10.4,9.49,16.5,997.8,999.0,30.4,38.4,22.0,6.87,19.98,77,5.18,19.08,83.81,0
41,12.5,10.57,17.6,995.9,997.1,30.9,39.5,21.5,6.73,20.92,104,5.42,19.08,83.81,0
54,16.7,13.79,20.0,996.0,997.2,30.7,39.4,22.0,6.34,30.64,157,7.94,19.08,83.81,0
57,17.4,14.37,20.4,997.1,998.3,30.5,38.1,22.7,6.41,30.51,167,7.91,19.08,83.81,0
52,15.6,13.11,19.4,996.4,997.6,30.5,38.6,21.7,6.69,32.4,163,8.4,19.08,83.81,0
48,15.2,12.47,19.1,995.2,996.4,31.0,38.9,22.1,6.7,31.72,151,8.22,19.08,83.81,0
59,19.6,15.89,21.9,996.0,997.2,31.6,39.0,24.5,5.69,37.66,119,9.76,19.08,83.81,0
60,19.6,16.82,22.8,996.4,997.6,32.3,39.4,23.8,5.93,24.84,152,6.44,19.08,83.81,0
64,21.0,17.74,23.4,996.8,998.0,32.1,39.9,24.1,5.96,28.76,152,7.46,19.08,83.81,0
63,20.9,17.15,22.9,997.1,998.3,31.8,39.9,25.6,5.57,32.0,169,8.3,19.08,83.81,0
63,20.2,17.24,23.0,997.7,998.9,31.9,40.4,23.0,6.08,22.82,155,5.91,19.08,83.81,0
65,22.2,17.67,23.3,999.1,1000.3,31.8,39.6,25.1,5.17,32.4,157,8.4,19.08,83.81,0
58,19.9,16.98,23.2,998.8,1000.0,33.1,41.1,24.8,5.74,25.38,137,6.58,19.08,83.81,0
58,18.5,17.09,23.3,998.2,999.4,33.2,41.6,24.5,6.78,30.11,130,7.8,19.08,83.81,0
58,19.2,17.21,23.4,996.9,998.1,33.3,40.9,25.6,6.76,25.11,137,6.51,19.08,83.81,0
62,20.4,18.21,24.0,996.4,997.6,33.1,41.4,24.8,6.66,25.24,157,6.54,19.08,83.81,0
63,22.0,18.49,24.2,997.3,998.5,33.1,40.6,25.7,6.36,28.35,161,7.35,19.08,83.81,0
62,22.1,18.39,24.2,997.7,998.9,33.3,40.8,26.7,6.73,34.29,166,8.89,19.08,83.81,0
61,21.8,17.76,23.7,998.9,1000.1,33.0,39.2,25.4,6.34,24.44,161,6.34,19.08,83.81,0
60,20.3,17.48,23.5,998.2,999.4,33.0,40.6,25.3,6.41,27.0,152,7.0,19.08,83.81,0
63,21.7,18.02,23.8,999.6,1000.8,32.7,39.5,26.3,6.25,31.32,163,8.12,19.08,83.81,0
60,21.6,17.52,23.6,1001.4,1002.6,33.1,39.3,26.6,6.47,26.6,166,6.9,19.08,83.81,0
61,21.4,17.41,23.4,1001.4,1002.6,32.7,39.2,26.6,6.36,26.73,164,6.93,19.08,83.81,0
60,20.3,16.94,23.0,1000.6,1001.8,32.5,39.3,24.8,6.63,23.62,165,6.12,19.08,83.81,0
57,18.7,15.73,22.0,999.6,1000.8,32.1,39.5,23.2,6.85,23.49,171,6.09,19.08,83.81,0
61,21.4,17.37,23.3,998.4,999.6,32.6,38.7,25.0,6.53,20.92,167,5.42,19.08,83.81,0
62,21.9,17.87,23.7,997.5,998.7,32.8,39.4,26.5,6.54,25.92,169,6.72,19.08,83.81,0
62,21.9,17.68,23.5,996.8,998.0,32.6,38.7,25.2,6.47,19.58,165,5.07,19.08,83.81,0
61,21.6,17.5,23.4,996.3,997.5,32.7,38.9,25.2,6.59,21.74,169,5.64,19.08,83.81,0
60,21.7,17.52,23.5,995.7,996.9,33.0,39.9,25.3,6.41,20.66,162,5.36,19.08,83.81,0
57,21.2,17.33,23.6,995.3,996.5,33.7,40.4,25.9,6.57,25.52,168,6.61,19.08,83.81,0
62,22.7,18.33,24.1,995.3,996.5,33.2,39.1,26.4,6.08,22.41,169,5.81,19.08,83.81,0
64,22.8,18.4,24.0,994.8,996.0,32.7,36.5,26.9,5.53,15.39,182,3.99,19.08,83.81,1
64,22.4,18.18,23.8,995.4,996.6,32.5,39.7,25.3,6.31,19.84,175,5.14,19.08,83.81,0
58,20.1,17.51,23.7,996.7,997.9,33.6,41.1,24.9,7.04,26.33,179,6.82,19.08,83.81,0
62,21.9,18.39,24.2,997.9,999.1,33.3,40.1,24.9,6.77,21.2,176,5.49,19.08,83.81,0
65,23.6,19.54,25.0,996.5,997.7,33.5,40.1,26.9,6.79,27.14,164,7.04,19.08,83.81,0
70,23.7,19.43,24.6,996.5,997.7,32.1,39.8,26.7,6.13,17.55,169,4.55,19.08,83.81,1
67,22.9,18.13,23.6,998.0,999.2,31.7,36.4,25.8,6.45,12.15,149,3.15,19.08,83.81,0
59,21.3,17.19,23.3,997.9,999.1,33.0,38.9,25.5,6.65,12.96,148,3.36,19.08,83.81,0
56,20.7,16.72,23.1,996.1,997.3,33.4,39.5,25.3,6.43,17.01,103,4.41,19.08,83.81,0
57,20.6,17.63,23.9,995.3,996.5,34.0,40.9,26.0,6.72,17.42,166,4.51,19.08,83.81,0
60,21.7,18.45,24.4,995.9,997.1,33.9,40.6,26.0,6.95,21.74,169,5.64,19.08,83.81,0
59,21.6,17.83,23.9,995.8,997.0,33.6,39.9,25.4,6.58,19.31,189,5.0,19.08,83.81,0
61,22.5,18.43,24.3,996.3,997.5,33.6,39.2,25.7,6.7,18.5,182,4.79,19.08,83.81,0
57,20.8,17.93,24.2,995.6,996.8,34.3,41.2,26.3,6.84,23.9,155,6.19,19.08,83.81,0
64,23.1,18.95,24.5,994.3,995.5,33.2,39.9,25.6,6.65,32.67,166,8.47,19.08,83.81,0
72,24.4,20.05,25.0,993.6,994.8,32.1,40.4,26.0,6.15,21.87,166,5.67,19.08,83.81,1
67,23.4,19.07,24.4,994.0,995.2,32.5,38.3,25.4,6.71,29.84,163,7.74,19.08,83.81,0
64,23.3,19.16,24.7,994.9,996.1,33.4,40.3,26.8,6.87,26.46,169,6.86,19.08,83.81,0
62,22.9,18.42,24.2,996.1,997.3,33.3,37.9,27.0,6.34,19.98,183,5.18,19.08,83.81,0
65,23.4,19.11,24.6,995.5,996.7,33.1,38.8,27.5,6.59,25.79,174,6.68,19.08,83.81,0
64,22.9,18.6,24.2,995.4,996.6,32.9,38.5,27.0,6.3,20.39,168,5.28,19.08,83.81,0
63,22.3,18.42,24.1,994.9,996.1,33.0,38.5,25.5,6.59,21.47,167,5.56,19.08,83.81,0
66,22.6,18.68,24.1,993.7,994.9,32.4,39.9,26.3,6.57,37.4,154,9.69,19.08,83.81,0
64,22.1,17.62,23.2,992.2,993.4,31.9,35.5,25.2,5.1,20.39,31,5.28,19.08,83.81,0
77,23.7,18.68,23.6,992.1,993.3,29.7,33.5,25.7,3.36,15.93,327,4.13,19.08,83.81,1
78,23.8,19.02,23.9,992.8,994.0,29.8,34.6,25.0,5.73,29.97,169,7.77,19.08,83.81,1
73,23.8,19.18,24.2,993.5,994.7,31.1,34.5,25.6,5.77,20.52,180,5.32,19.08,83.81,0
68,23.5,19.05,24.3,992.4,993.6,32.2,37.0,25.8,7.07,23.62,184,6.12,19.08,83.81,0
68,24.1,19.72,24.9,992.8,994.0,32.8,38.1,26.5,6.99,24.84,181,6.44,19.08,83.81,0
66,24.2,20.01,25.3,994.1,995.3,33.6,38.7,27.7,6.81,24.57,180,6.37,19.08,83.81,0
66,23.9,19.9,25.2,993.8,995.0,33.5,38.6,27.3,6.48,24.16,178,6.26,19.08,83.81,0
64,23.7,19.3,24.8,993.2,994.4,33.5,39.2,27.3,6.74,24.84,180,6.44,19.08,83.81,0
63,23.7,19.31,24.9,994.0,995.2,33.8,39.3,28.1,6.46,21.47,178,5.56,19.08,83.81,0
67,24.2,19.61,24.9,994.8,996.0,33.0,37.5,27.6,5.73,22.41,182,5.81,19.08,83.81,0
63,23.4,19.22,24.8,993.0,994.2,33.7,38.7,27.6,6.73,22.95,176,5.95,19.08,83.81,0
61,23.4,19.42,25.1,989.9,991.1,34.4,41.1,27.0,6.97,25.24,151,6.54,19.08,83.81,0
61,23.1,19.23,24.9,988.2,989.4,34.2,39.2,28.1,6.64,21.33,183,5.53,19.08,83.81,0
50,20.0,17.03,24.1,988.5,989.7,35.6,41.6,27.1,6.7,15.12,152,3.92,19.08,83.81,0
54,21.5,17.32,23.9,992.2,993.4,34.6,39.7,27.3,7.06,20.39,178,5.28,19.08,83.81,0
54,19.4,16.71,23.3,994.2,995.4,34.0,40.9,26.8,6.7,26.6,65,6.9,19.08,83.81,0
60,21.7,18.17,24.1,993.9,995.1,33.6,39.8,25.1,6.51,19.58,194,5.07,19.08,83.81,0
58,21.6,17.89,24.0,992.3,993.5,33.9,40.3,27.0,6.3,25.52,211,6.61,19.08,83.81,0
50,20.2,16.23,23.3,990.9,992.1,34.8,40.6,26.5,6.77,8.91,160,2.31,19.08,83.81,0
52,20.5,16.51,23.3,990.8,992.0,34.4,41.1,26.5,6.56,19.04,196,4.93,19.08,83.81,0
53,21.2,16.54,23.2,991.2,992.4,34.1,39.8,27.1,6.35,23.9,244,6.19,19.08,83.81,0
56,22.2,17.81,24.1,990.1,991.3,34.4,39.0,27.3,6.54,14.58,194,3.78,19.08,83.81,0
59,22.9,19.2,25.1,990.2,991.4,34.8,41.2,27.4,6.27,26.19,180,6.79,19.08,83.81,0
62,23.7,20.07,25.6,990.4,991.6,34.7,40.1,27.5,6.73,16.47,176,4.27,19.08,83.81,0
62,23.8,20.19,25.7,990.4,991.6,34.8,40.6,27.5,6.19,20.25,158,5.25,19.08,83.81,0
69,25.1,20.87,25.8,991.2,992.4,33.5,40.3,27.8,6.27,23.62,172,6.12,19.08,83.81,0
69,25.6,21.46,26.3,991.8,993.0,34.0,38.4,28.9,5.53,19.98,175,5.18,19.08,83.81,0
63,24.4,20.15,25.6,991.3,992.5,34.5,39.0,29.2,6.16,18.63,178,4.83,19.08,83.81,0
67,24.7,20.62,25.7,990.6,991.8,33.8,39.7,27.6,6.69,21.47,181,5.56,19.08,83.81,0
63,24.7,20.89,26.2,989.3,990.5,35.1,41.0,29.0,6.59,22.68,152,5.88,19.08,83.81,0
56,22.7,19.52,25.7,988.9,990.1,36.0,43.3,27.7,6.42,23.9,141,6.19,19.08,83.81,0
63,24.1,19.8,25.3,991.5,992.7,34.2,37.7,28.1,5.79,21.06,167,5.46,19.08,83.81,0
68,24.4,19.83,25.0,992.9,994.1,32.9,38.1,27.9,4.83,22.14,161,5.74,19.08,83.81,0
67,24.3,19.75,25.0,993.3,994.5,33.1,37.0,26.9,6.37,16.07,170,4.16,19.08,83.81,0
65,24.2,19.82,25.2,993.8,995.0,33.7,38.1,27.4,6.67,13.5,175,3.5,19.08,83.81,0
63,23.9,19.21,24.8,993.5,994.7,33.7,37.0,27.4,6.57,16.74,150,4.34,19.08,83.81,1
72,24.8,20.39,25.3,993.9,995.1,32.4,37.2,27.8,6.11,11.21,179,2.9,19.08,83.81,0
73,24.1,19.61,24.6,994.6,995.8,31.5,36.7,26.1,6.19,18.63,175,4.83,19.08,83.81,1
77,24.7,20.21,25.0,995.2,996.4,31.1,35.6,26.8,5.57,20.12,183,5.22,19.08,83.81,1
70,23.7,19.11,24.3,995.4,996.6,31.8,35.5,26.5,5.95,22.01,176,5.7,19.08,83.81,0
74,24.1,19.77,24.7,994.8,996.0,31.4,36.4,26.1,5.73,19.58,183,5.07,19.08,83.81,1
81,25.0,20.47,25.1,992.9,994.1,30.4,33.7,26.0,5.57,13.23,186,3.43,19.08,83.81,1
84,24.7,19.94,24.6,991.3,992.5,29.3,31.4,25.5,3.97,13.5,152,3.5,19.08,83.81,1
81,24.6,19.76,24.5,993.0,994.2,29.8,31.5,25.7,4.98,11.74,86,3.04,19.08,83.81,1
85,25.0,20.12,24.8,994.2,995.4,29.3,33.1,25.2,5.27,7.02,143,1.82,19.08,83.81,1
88,24.9,20.01,24.7,993.0,994.2,28.6,30.8,24.8,3.79,10.8,153,2.8,19.08,83.81,1
89,24.8,20.05,24.7,990.7,991.9,28.4,30.4,25.1,3.75,14.18,142,3.68,19.08,83.81,1
84,24.5,19.57,24.3,991.8,993.0,29.0,32.1,24.1,5.29,20.92,169,5.42,19.08,83.81,1
84,24.7,20.01,24.7,993.4,994.6,29.4,33.6,24.9,6.25,16.6,154,4.3,19.08,83.81,1
85,24.9,20.15,24.8,992.4,993.6,29.3,31.5,24.7,6.13,13.23,158,3.43,19.08,83.81,1
83,25.0,20.29,24.9,990.9,992.1,29.8,33.7,25.0,6.28,17.01,147,4.41,19.08,83.81,1
87,25.4,20.79,25.3,990.9,992.1,29.4,31.7,25.5,4.56,9.59,117,2.48,19.08,83.81,1
87,25.4,20.79,25.3,990.6,991.8,29.4,31.5,25.4,4.5,11.88,120,3.08,19.08,83.81,1
89,25.5,20.81,25.3,989.2,990.4,29.0,31.2,25.2,3.06,9.18,96,2.38,19.08,83.81,1
91,25.3,20.65,25.2,989.5,990.7,28.5,31.5,25.2,4.03,12.69,75,3.29,19.08,83.81,1
89,25.1,20.33,24.9,989.0,990.2,28.6,29.9,24.9,3.77,10.4,78,2.7,19.08,83.81,1
90,24.9,20.07,24.7,989.0,990.2,28.2,29.2,25.4,3.07,10.8,135,2.8,19.08,83.81,1
87,24.8,20.32,24.9,990.1,991.3,29.0,32.7,24.5,5.83,16.88,148,4.38,19.08,83.81,1
89,24.9,20.14,24.8,991.9,993.1,28.5,30.2,25.0,4.26,16.2,219,4.2,19.08,83.81,1
89,24.7,19.83,24.5,989.6,990.8,28.2,30.9,24.6,4.22,8.64,108,2.24,19.08,83.81,1
88,24.4,19.55,24.2,986.6,987.8,28.1,30.4,24.3,4.21,15.8,167,4.1,19.08,83.81,1
87,24.8,20.04,24.6,986.2,987.4,28.7,30.3,23.9,5.24,17.14,65,4.44,19.08,83.81,1
89,24.9,20.37,24.9,986.8,988.0,28.6,31.4,25.2,4.43,14.18,52,3.68,19.08,83.81,1
91,24.7,19.89,24.5,985.6,986.8,27.8,30.2,24.7,2.91,11.48,118,2.97,19.08,83.81,1
85,24.3,19.61,24.2,984.5,985.7,28.7,30.2,24.9,3.81,13.1,152,3.39,19.08,83.81,1
80,23.4,18.65,23.4,985.0,986.2,28.9,32.0,24.7,4.53,15.39,187,3.99,19.08,83.81,1
89,24.7,19.98,24.6,988.3,989.5,28.3,30.0,24.4,3.97,12.82,167,3.32,19.08,83.81,1
89,24.9,20.07,24.7,989.9,991.1,28.4,30.4,24.8,3.39,10.53,122,2.73,19.08,83.81,1
93,24.7,19.88,24.6,989.9,991.1,27.5,28.3,25.0,1.56,18.09,169,4.69,19.08,83.81,1
87,24.6,19.92,24.6,991.9,993.1,28.7,31.0,24.8,4.35,16.07,177,4.16,19.08,83.81,1
81,24.4,19.99,24.7,993.1,994.3,30.0,33.7,23.7,6.46,13.9,183,3.6,19.08,83.81,0
87,25.4,20.74,25.3,993.1,994.3,29.4,32.4,25.3,4.97,11.74,181,3.04,19.08,83.81,1
88,25.3,20.5,25.1,992.6,993.8,29.0,31.1,24.8,3.79,15.93,145,4.13,19.08,83.81,1
91,25.2,20.35,25.0,992.3,993.5,28.3,29.7,25.1,3.34,14.31,99,3.71,19.08,83.81,1
89,25.0,20.27,24.9,991.5,992.7,28.6,31.0,25.1,4.21,13.5,185,3.5,19.08,83.81,1
90,24.9,20.12,24.8,992.7,993.9,28.3,30.6,25.1,3.7,13.23,147,3.43,19.08,83.81,1
86,24.5,19.62,24.4,995.2,996.4,28.7,31.3,24.4,5.27,14.31,177,3.71,19.08,83.81,1
84,24.3,19.25,24.1,996.8,998.0,28.8,32.0,24.6,6.4,21.47,175,5.56,19.08,83.81,1
84,24.2,19.47,24.3,997.2,998.4,29.0,32.8,23.5,6.39,22.14,189,5.74,19.08,83.81,1
85,24.8,20.04,24.8,997.7,998.9,29.3,33.5,24.6,6.73,23.22,203,6.02,19.08,83.81,1
85,25.1,20.3,25.0,996.9,998.1,29.5,33.9,24.8,6.62,14.99,189,3.88,19.08,83.81,1
85,25.3,20.82,25.4,995.2,996.4,29.9,34.2,25.3,6.02,20.92,185,5.42,19.08,83.81,0
82,25.5,20.84,25.4,993.3,994.5,30.5,34.1,25.3,6.74,14.31,194,3.71,19.08,83.81,0
84,25.6,20.98,25.5,993.1,994.3,30.2,33.8,25.9,6.23,12.02,205,3.12,19.08,83.81,1
86,25.4,20.76,25.3,992.3,993.5,29.6,34.0,25.6,5.13,15.26,162,3.96,19.08,83.81,1
81,24.7,20.01,24.7,992.2,993.4,30.0,33.4,25.2,6.06,16.07,178,4.16,19.08,83.81,0
78,24.0,19.26,24.1,992.3,993.5,30.0,32.8,25.2,6.13,20.12,180,5.22,19.08,83.81,0
81,24.5,19.79,24.5,991.1,992.3,29.8,32.6,25.3,5.65,14.44,148,3.74,19.08,83.81,0
93,25.2,20.38,25.0,989.2,990.4,27.9,28.0,25.1,1.69,11.34,68,2.94,19.08,83.81,1
95,24.3,19.55,24.3,986.4,987.6,26.8,26.5,24.2,0.85,12.69,87,3.29,19.08,83.81,1
92,24.5,19.55,24.2,984.1,985.3,27.3,28.0,24.4,1.79,13.23,161,3.43,19.08,83.81,1
91,24.1,19.21,23.9,984.3,985.5,27.2,27.8,24.6,2.07,18.76,166,4.86,19.08,83.81,1
87,23.8,18.98,23.7,986.7,987.9,27.8,29.7,24.1,3.57,16.6,175,4.3,19.08,83.81,1
83,24.2,19.49,24.2,990.0,991.2,29.1,32.1,24.4,5.69,13.77,199,3.57,19.08,83.81,1
84,24.6,19.82,24.5,991.3,992.5,29.2,33.4,25.0,5.29,12.82,161,3.32,19.08,83.81,1
95,25.0,20.18,24.9,990.7,991.9,27.4,26.8,25.2,1.04,12.69,108,3.29,19.08,83.81,1
93,24.0,18.95,23.8,989.6,990.8,26.7,26.2,24.6,0.92,17.55,158,4.55,19.08,83.81,1
85,23.8,18.75,23.6,993.3,994.5,28.1,31.3,24.2,4.23,20.12,178,5.22,19.08,83.81,0
85,24.3,19.37,24.2,996.3,997.5,28.7,32.1,23.3,6.42,13.1,176,3.39,19.08,83.81,1
85,25.2,20.45,25.1,995.4,996.6,29.6,33.5,24.7,6.2,10.8,144,2.8,19.08,83.81,1
86,25.0,20.5,25.1,993.1,994.3,29.4,33.9,25.0,4.75,13.5,33,3.5,19.08,83.81,1
87,24.9,20.16,24.8,991.8,993.0,28.9,30.7,25.5,3.69,15.52,52,4.02,19.08,83.81,1
90,25.0,20.28,24.9,990.8,992.0,28.4,30.3,25.1,2.53,11.21,140,2.9,19.08,83.81,1
79,24.5,19.89,24.6,990.5,991.7,30.3,33.8,24.7,6.5,14.85,198,3.85,19.08,83.81,0
84,24.9,20.29,24.9,991.6,992.8,29.6,33.4,24.4,6.43,10.66,184,2.76,19.08,83.81,1
84,24.9,20.49,25.1,993.4,994.6,29.8,33.0,24.7,6.15,17.28,27,4.48,19.08,83.81,1
88,24.5,19.49,24.3,995.6,996.8,28.2,30.5,24.2,4.41,15.8,60,4.1,19.08,83.81,1
87,24.6,19.86,24.6,994.8,996.0,28.7,32.5,23.8,6.65,15.12,104,3.92,19.08,83.81,1
84,24.8,20.12,24.8,994.0,995.2,29.5,32.9,24.0,6.63,14.44,122,3.74,19.08,83.81,0
86,25.1,20.6,25.2,993.9,995.1,29.5,33.1,25.5,5.6,20.25,191,5.25,19.08,83.81,0
84,24.8,20.23,24.9,994.4,995.6,29.6,32.8,25.0,5.89,16.47,155,4.27,19.08,83.81,1
84,24.9,20.3,25.0,996.9,998.1,29.7,32.4,24.7,6.41,20.92,179,5.42,19.08,83.81,0
81,24.6,20.01,24.8,997.9,999.1,30.1,33.1,24.7,6.43,17.42,166,4.51,19.08,83.81,0
84,24.6,19.58,24.4,997.1,998.3,29.1,32.5,25.2,6.17,24.84,179,6.44,19.08,83.81,1
84,24.6,19.7,24.5,997.4,998.6,29.2,32.9,24.6,6.55,20.25,184,5.25,19.08,83.81,1
84,24.9,20.28,25.0,997.9,999.1,29.7,33.3,24.2,6.42,18.5,185,4.79,19.08,83.81,0
87,25.4,20.79,25.4,996.8,998.0,29.5,32.9,25.1,5.78,9.32,180,2.42,19.08,83.81,1
88,25.4,20.68,25.3,995.7,996.9,29.2,31.3,25.4,5.48,13.64,178,3.53,19.08,83.81,1
83,25.0,20.32,25.0,995.6,996.8,29.9,33.7,24.7,6.49,10.26,169,2.66,19.08,83.81,1
82,24.8,19.83,24.6,995.7,996.9,29.7,33.5,24.7,5.8,13.1,202,3.39,19.08,83.81,0
89,24.9,19.95,24.7,995.7,996.9,28.4,31.1,24.9,4.62,20.66,189,5.36,19.08,83.81,1
88,24.5,19.5,24.3,995.0,996.2,28.2,31.2,24.7,3.79,14.58,326,3.78,19.08,83.81,1
85,24.3,19.2,24.0,993.5,994.7,28.5,30.3,24.7,3.83,17.69,341,4.58,19.08,83.81,1
88,24.3,19.35,24.1,991.1,992.3,28.0,30.1,24.8,3.15,17.96,331,4.66,19.08,83.81,1
90,24.5,19.59,24.3,989.3,990.5,27.8,30.3,24.5,3.51,19.98,176,5.18,19.08,83.81,1
78,23.7,18.61,23.5,991.1,992.3,29.4,31.8,24.8,5.64,24.7,180,6.4,19.08,83.81,0
82,24.0,19.05,23.9,994.6,995.8,29.0,31.4,25.4,4.25,23.36,177,6.06,19.08,83.81,1
85,24.3,19.47,24.3,997.3,998.5,28.8,31.5,24.7,5.17,19.58,183,5.07,19.08,83.81,1
85,24.6,19.94,24.7,996.9,998.1,29.2,33.2,23.9,5.86,14.72,181,3.82,19.08,83.81,0
82,24.6,19.86,24.6,994.1,995.3,29.7,32.3,24.3,4.63,11.07,180,2.87,19.08,83.81,0
86,24.8,20.12,24.8,993.9,995.1,29.1,32.6,24.4,5.49,12.69,164,3.29,19.08,83.81,1
89,24.7,19.74,24.5,994.5,995.7,28.2,30.6,24.7,3.24,13.77,56,3.57,19.08,83.81,1
89,24.0,19.06,23.9,993.7,994.9,27.6,31.1,24.2,3.64,14.44,40,3.74,19.08,83.81,1
90,24.2,19.29,24.1,992.8,994.0,27.6,30.4,23.9,3.98,16.34,117,4.23,19.08,83.81,1
87,24.4,19.65,24.4,993.6,994.8,28.5,32.0,23.9,5.17,13.77,160,3.57,19.08,83.81,1
88,24.2,19.16,24.0,994.7,995.9,27.9,30.8,23.4,4.83,16.2,136,4.2,19.08,83.81,1
90,24.3,19.35,24.2,995.8,997.0,27.7,29.0,23.8,4.18,8.64,80,2.24,19.08,83.81,1
86,24.5,19.61,24.4,996.1,997.3,28.7,31.6,23.8,5.76,10.66,89,2.76,19.08,83.81,0
86,24.2,19.37,24.2,996.3,997.5,28.5,32.0,24.1,5.27,18.23,104,4.72,19.08,83.81,0
88,24.5,19.58,24.4,997.1,998.3,28.3,30.8,24.6,5.13,15.8,181,4.1,19.08,83.81,1
89,24.5,19.59,24.4,995.9,997.1,28.1,31.8,23.9,4.81,22.95,194,5.95,19.08,83.81,1
88,24.6,19.85,24.6,995.0,996.2,28.5,30.9,24.3,4.91,11.74,112,3.04,19.08,83.81,0
89,24.4,19.39,24.2,994.5,995.7,27.9,31.1,24.2,3.88,14.44,264,3.74,19.08,83.81,1
86,24.1,19.29,24.1,994.5,995.7,28.4,32.0,24.1,5.49,15.52,347,4.02,19.08,83.81,0
85,24.1,19.31,24.1,993.8,995.0,28.6,32.1,23.8,5.45,17.01,8,4.41,19.08,83.81,1
87,24.6,19.78,24.5,993.2,994.4,28.6,32.2,24.1,5.44,17.82,22,4.62,19.08,83.81,1
87,24.5,19.54,24.3,993.4,994.6,28.4,30.3,24.8,4.41,20.66,15,5.36,19.08,83.81,1
90,24.3,19.25,24.1,994.7,995.9,27.6,29.0,24.6,2.06,17.28,321,4.48,19.08,83.81,1
88,23.9,19.01,23.9,996.8,998.0,27.8,29.7,24.1,4.85,22.95,185,5.95,19.08,83.81,0
88,23.2,17.88,22.9,997.9,999.1,26.8,27.6,23.7,3.26,24.44,176,6.34,19.08,83.81,1
88,23.5,18.29,23.3,999.0,1000.2,27.2,29.0,23.4,4.4,20.52,182,5.32,19.08,83.81,1
91,23.5,18.35,23.4,999.7,1000.9,26.7,28.8,23.4,2.98,12.69,282,3.29,19.08,83.81,1
88,23.8,18.6,23.6,1000.2,1001.4,27.5,29.7,23.5,4.32,19.04,197,4.93,19.08,83.81,1
87,23.5,18.47,23.5,1001.6,1002.8,27.6,30.1,23.7,4.86,19.04,175,4.93,19.08,83.81,1
87,23.7,18.6,23.6,1000.7,1001.9,27.7,31.5,23.1,5.6,15.26,186,3.96,19.08,83.81,1
87,23.8,18.72,23.7,1000.4,1001.6,27.8,32.1,23.6,5.59,19.98,167,5.18,19.08,83.81,1
88,23.9,18.72,23.7,1000.0,1001.2,27.6,30.7,23.4,4.44,19.04,42,4.93,19.08,83.81,0
89,23.7,18.61,23.6,999.3,1000.5,27.3,29.8,23.3,4.2,12.15,321,3.15,19.08,83.81,1
91,23.9,18.7,23.7,999.1,1000.3,27.0,29.0,23.2,3.85,12.69,289,3.29,19.08,83.81,1
87,24.0,18.93,23.9,1001.2,1002.4,28.0,31.2,23.8,5.15,11.48,250,2.97,19.08,83.81,0
85,23.8,18.7,23.7,1001.7,1002.9,28.2,31.3,23.1,5.45,8.78,332,2.28,19.08,83.81,0
83,23.1,18.05,23.1,1000.9,1002.1,28.0,32.0,23.1,5.42,13.5,16,3.5,19.08,83.81,0
85,23.2,18.17,23.2,1000.6,1001.8,27.7,31.1,23.1,5.51,14.58,345,3.78,19.08,83.81,0
81,22.4,17.39,22.5,1001.7,1002.9,27.8,31.4,22.3,5.66,11.74,359,3.04,19.08,83.81,0
75,20.0,15.23,20.4,1003.0,1004.2,26.9,31.4,21.0,5.77,17.69,358,4.58,19.08,83.81,0
70,18.5,13.87,19.0,1002.9,1004.1,26.5,31.5,20.2,6.03,19.71,8,5.11,19.08,83.81,0
70,19.5,14.51,19.7,999.6,1000.8,27.2,32.1,20.8,5.74,22.14,8,5.74,19.08,83.81,0
69,19.3,14.34,19.5,996.8,998.0,27.2,31.1,21.2,5.89,22.41,15,5.81,19.08,83.81,0
68,18.6,13.84,19.0,999.7,1000.9,26.9,31.4,20.5,5.98,12.42,87,3.22,19.08,83.81,0
69,18.6,14.0,19.2,1002.6,1003.8,26.9,30.7,20.3,5.59,9.32,344,2.42,19.08,83.81,0
70,19.2,14.29,19.5,1002.6,1003.8,27.0,30.4,21.8,5.63,10.8,9,2.8,19.08,83.81,0
64,16.7,12.45,17.5,1002.1,1003.3,26.2,29.9,20.1,5.92,12.15,346,3.15,19.08,83.81,0
64,16.1,11.79,16.6,1002.2,1003.4,25.3,29.4,18.8,5.96,13.1,336,3.39,19.08,83.81,0
66,16.1,11.87,16.6,1002.3,1003.5,24.9,29.0,18.5,5.87,11.61,343,3.01,19.08,83.81,0
69,17.4,12.72,17.6,1002.2,1003.4,25.3,29.5,17.8,5.59,11.21,354,2.9,19.08,83.81,0
71,20.0,15.03,20.3,1002.7,1003.9,27.6,31.1,20.6,5.58,7.56,350,1.96,19.08,83.81,0
75,21.2,16.09,21.3,1001.6,1002.8,27.8,31.1,21.2,5.32,8.37,14,2.17,19.08,83.81,0
79,22.2,17.06,22.2,1001.7,1002.9,27.9,31.2,23.4,4.99,9.18,356,2.38,19.08,83.81,0
80,21.2,16.45,21.6,1003.2,1004.4,27.1,31.2,22.1,5.26,15.39,1,3.99,19.08,83.81,0
74,19.2,14.47,19.6,1004.6,1005.8,26.3,30.4,20.7,5.42,10.94,327,2.83,19.08,83.81,0
70,17.9,13.35,18.4,1004.7,1005.9,25.9,30.4,19.8,5.69,13.23,315,3.43,19.08,83.81,0
74,18.5,14.04,19.1,1004.1,1005.3,25.8,30.2,19.8,5.61,17.14,255,4.44,19.08,83.81,0
73,18.5,14.11,19.2,1004.0,1005.2,26.1,30.5,20.4,5.5,9.32,272,2.42,19.08,83.81,0
71,17.9,13.47,18.5,1003.8,1005.0,25.8,30.2,19.1,5.5,12.42,336,3.22,19.08,83.81,0
69,17.7,13.09,18.1,1003.9,1005.1,25.8,30.8,19.1,5.33,11.61,1,3.01,19.08,83.81,0
70,17.8,13.2,18.2,1004.0,1005.2,25.7,30.5,19.2,5.17,12.02,343,3.12,19.08,83.81,0
66,17.1,12.67,17.7,1003.9,1005.1,26.0,30.9,19.4,5.36,12.56,347,3.26,19.08,83.81,0
62,15.8,11.61,16.5,1003.8,1005.0,25.6,29.9,18.9,5.49,11.21,346,2.9,19.08,83.81,0
60,14.8,10.96,15.7,1004.0,1005.2,25.2,29.7,18.1,5.48,9.86,1,2.55,19.08,83.81,0
61,14.1,10.56,15.0,1003.7,1004.9,24.3,29.6,16.6,5.51,11.61,4,3.01,19.08,83.81,0
61,14.6,10.7,15.2,1002.2,1003.4,24.5,29.9,15.8,5.46,9.18,5,2.38,19.08,83.81,0
63,15.0,11.2,15.8,1001.8,1003.0,24.7,30.5,16.4,5.41,11.34,357,2.94,19.08,83.81,0
63,14.1,10.65,15.0,1002.6,1003.8,23.9,30.4,16.5,5.35,14.31,13,3.71,19.08,83.81,0
65,13.8,10.4,14.5,1002.5,1003.7,23.0,28.8,15.9,4.95,16.07,10,4.16,19.08,83.81,0
59,13.4,10.11,14.4,1001.0,1002.2,24.1,30.0,16.6,4.45,13.37,6,3.46,19.08,83.81,0
62,16.6,12.08,17.1,1000.5,1001.7,26.2,30.9,19.4,4.1,14.44,339,3.74,19.08,83.81,0
72,19.6,14.64,19.8,1000.9,1002.1,26.9,30.6,20.4,4.76,17.69,261,4.58,19.08,83.81,0
76,20.8,15.83,21.0,1001.7,1002.9,27.3,31.3,21.3,4.84,19.58,180,5.07,19.08,83.81,0
77,20.8,15.84,21.0,1001.8,1003.0,27.1,30.8,21.8,4.62,17.01,142,4.41,19.08,83.81,0
68,17.7,13.39,18.5,1002.7,1003.9,26.4,30.8,20.8,4.94,12.28,29,3.18,19.08,83.81,0
64,14.0,10.7,15.0,1001.7,1002.9,23.7,29.1,16.7,5.21,10.26,37,2.66,19.08,83.81,0
59,12.0,9.52,13.4,1000.0,1001.2,23.1,28.7,16.9,5.27,12.69,351,3.29,19.08,83.81,0
61,13.3,10.08,14.2,1000.8,1002.0,23.5,28.7,15.1,5.11,11.07,39,2.87,19.08,83.81,0
62,14.5,10.75,15.2,1001.9,1003.1,24.3,29.2,15.9,5.01,10.66,350,2.76,19.08,83.81,0
65,17.1,12.41,17.4,1002.7,1003.9,25.9,30.3,18.0,4.67,10.12,355,2.62,19.08,83.81,0
66,18.1,13.31,18.5,1002.4,1003.6,26.8,31.5,20.2,4.81,12.42,212,3.22,19.08,83.81,0
70,18.9,14.13,19.3,1002.0,1003.2,26.8,31.4,20.7,4.72,17.01,189,4.41,19.08,83.81,0
75,19.9,14.97,20.1,1002.2,1003.4,26.6,30.8,20.6,4.63,21.06,183,5.46,19.08,83.81,0
74,18.8,14.32,19.4,1002.8,1004.0,26.1,31.2,19.8,4.67,14.72,25,3.82,19.08,83.81,0
65,15.1,11.67,16.4,1003.7,1004.9,24.9,30.4,18.2,4.93,11.74,355,3.04,19.08,83.81,0
61,14.0,10.5,14.9,1002.5,1003.7,24.2,30.4,15.9,4.96,11.34,6,2.94,19.08,83.81,0
55,11.6,9.13,13.1,1001.8,1003.0,23.6,28.9,15.5,4.32,20.92,7,5.42,19.08,83.81,0
52,11.0,8.63,12.5,1001.7,1002.9,23.6,29.5,16.5,5.01,16.07,6,4.16,19.08,83.81,0
55,12.4,9.25,13.3,1001.4,1002.6,23.8,28.6,17.1,3.21,17.14,353,4.44,19.08,83.81,0
68,17.1,12.24,17.0,1001.4,1002.6,24.9,27.4,20.3,3.12,13.64,329,3.53,19.08,83.81,0
75,19.7,14.7,19.8,1002.3,1003.5,26.3,29.6,20.4,3.51,12.15,283,3.15,19.08,83.81,0
78,21.1,16.24,21.4,1002.2,1003.4,27.3,31.4,21.5,4.13,14.72,187,3.82,19.08,83.81,0
71,19.5,15.03,20.3,1002.5,1003.7,27.6,33.0,20.7,4.57,18.76,150,4.86,19.08,83.81,0
64,18.7,14.03,19.5,1002.8,1004.0,28.2,33.1,21.1,4.51,15.39,146,3.99,19.08,83.81,0
64,18.5,13.87,19.3,1001.9,1003.1,28.0,32.7,21.4,4.61,17.14,128,4.44,19.08,83.81,0
73,19.4,15.11,20.3,1001.4,1002.6,27.2,32.6,21.1,4.55,19.31,133,5.0,19.08,83.81,0
71,18.0,13.91,19.0,1002.3,1003.5,26.3,31.7,19.9,4.47,13.23,39,3.43,19.08,83.81,0
66,15.3,11.51,16.1,1002.7,1003.9,24.4,29.0,18.4,4.74,9.32,246,2.42,19.08,83.81,0
59,12.4,9.98,14.2,1001.8,1003.0,23.9,30.5,16.2,4.86,12.69,68,3.29,19.08,83.81,0
59,11.9,10.17,14.5,1001.5,1002.7,24.2,31.5,17.4,4.92,19.31,135,5.0,19.08,83.81,0
70,15.0,11.85,16.4,1001.9,1003.1,23.9,31.2,16.5,4.52,11.34,19,2.94,19.08,83.81,0
62,13.3,10.24,14.4,1001.9,1003.1,23.5,29.3,15.7,4.21,11.21,355,2.9,19.08,83.81,0
53,10.8,8.96,13.0,1001.9,1003.1,23.9,31.4,14.9,4.88,11.34,357,2.94,19.08,83.81,0
55,11.0,9.18,13.2,1002.9,1004.1,23.7,31.4,16.0,4.94,16.74,162,4.34,19.08,83.81,0
60,12.6,10.32,14.7,1003.7,1004.9,24.2,31.9,16.2,4.85,21.06,175,5.46,19.08,83.81,0
67,16.8,12.54,17.5,1005.0,1006.2,25.6,31.3,17.8,4.59,13.5,165,3.5,19.08,83.81,0
70,18.7,14.26,19.5,1004.8,1006.0,27.0,31.5,20.7,4.03,19.04,134,4.93,19.08,83.81,0
67,18.8,14.49,19.9,1004.8,1006.0,28.0,33.0,21.2,4.13,14.85,97,3.85,19.08,83.81,0
61,15.9,12.25,17.5,1006.3,1007.5,26.8,32.3,20.1,4.79,14.44,40,3.74,19.08,83.81,0
65,15.8,11.92,16.8,1007.4,1008.6,25.3,30.5,17.4,4.79,18.36,95,4.76,19.08,83.81,0
70,17.5,13.66,18.8,1006.1,1007.3,26.3,32.4,20.2,4.42,19.31,94,5.0,19.08,83.81,0
71,18.7,14.28,19.5,1006.1,1007.3,26.8,30.3,20.9,4.16,19.98,147,5.18,19.08,83.81,0
73,18.5,13.98,19.1,1006.8,1008.0,26.0,30.7,19.8,4.16,27.81,158,7.21,19.08,83.81,0
72,18.0,13.54,18.6,1007.1,1008.3,25.7,30.5,19.5,4.56,24.03,194,6.23,19.08,83.81,0
72,18.0,13.38,18.4,1006.7,1007.9,25.5,29.8,20.3,4.06,23.9,204,6.19,19.08,83.81,0
68,16.6,12.47,17.4,1007.4,1008.6,25.3,29.7,19.4,4.5,14.18,260,3.68,19.08,83.81,0
63,15.0,11.26,16.0,1008.0,1009.2,24.9,30.3,17.6,4.67,19.04,12,4.93,19.08,83.81,0
50,8.1,7.86,11.3,1007.1,1008.3,22.8,29.2,15.2,5.16,15.12,10,3.92,19.08,83.81,0
47,6.7,6.95,9.7,1006.1,1007.3,21.8,29.2,13.5,5.19,13.64,30,3.53,19.08,83.81,0
51,9.4,7.97,11.4,1006.9,1008.1,22.7,28.7,14.9,5.14,11.34,75,2.94,19.08,83.81,0
53,10.7,8.71,12.6,1005.9,1007.1,23.5,30.8,16.4,5.12,12.28,74,3.18,19.08,83.81,0
53,9.8,8.89,12.9,1003.8,1005.0,23.8,31.8,16.2,5.21,17.42,195,4.51,19.08,83.81,0
63,13.6,10.59,14.9,1002.5,1003.7,23.8,30.9,16.6,5.09,11.61,179,3.01,19.08,83.81,0
71,15.4,12.23,16.9,1003.2,1004.4,24.2,30.8,17.1,4.93,16.74,190,4.34,19.08,83.81,0
70,16.6,12.67,17.5,1002.8,1004.0,25.0,30.8,18.7,4.89,10.26,99,2.66,19.08,83.81,0
71,17.1,12.93,17.8,1002.2,1003.4,25.1,30.8,18.3,4.89,13.1,136,3.39,19.08,83.81,0
68,16.8,12.83,17.8,1003.2,1004.4,25.7,30.6,19.2,4.84,17.69,118,4.58,19.08,83.81,0
70,16.8,12.65,17.5,1003.8,1005.0,25.0,30.3,17.4,4.94,14.85,178,3.85,19.08,83.81,0
70,17.0,12.87,17.8,1005.3,1006.5,25.3,30.8,18.5,4.85,17.82,206,4.62,19.08,83.81,0
69,16.4,12.83,17.8,1005.6,1006.8,25.5,31.2,18.0,5.04,22.95,221,5.95,19.08,83.81,0
72,17.6,13.32,18.3,1005.4,1006.6,25.4,30.9,19.0,4.8,20.92,183,5.42,19.08,83.81,0
70,17.0,13.19,18.2,1004.7,1005.9,25.7,31.4,18.8,4.83,22.95,129,5.95,19.08,83.81,0
63,14.6,11.66,16.5,1004.0,1005.2,25.4,31.2,18.9,5.03,20.92,216,5.42,19.08,83.81,0
49,10.0,8.62,12.9,1003.8,1005.0,24.6,31.8,16.6,5.37,19.84,186,5.14,19.08,83.81,0
49,9.6,8.57,12.8,1003.9,1005.1,24.5,32.5,15.3,5.37,16.07,179,4.16,19.08,83.81,0
50,10.3,8.97,13.4,1003.5,1004.7,24.9,32.7,16.3,5.49,17.55,189,4.55,19.08,83.81,0
48,10.5,9.03,13.8,1003.3,1004.5,25.7,33.7,17.0,5.49,24.84,171,6.44,19.08,83.81,0
47,10.6,9.01,13.9,1003.1,1004.3,26.0,34.0,17.5,5.47,16.07,267,4.16,19.08,83.81,0
51,12.9,10.03,15.1,1002.3,1003.5,26.4,33.0,18.4,5.41,23.9,173,6.19,19.08,83.81,0
62,16.1,12.13,17.2,1002.4,1003.6,26.3,32.5,18.9,5.27,22.68,192,5.88,19.08,83.81,0
61,15.8,12.06,17.2,1004.0,1005.2,26.5,32.3,19.8,5.35,22.68,189,5.88,19.08,83.81,0
55,14.8,11.28,16.6,1002.6,1003.8,27.1,31.8,20.1,3.57,15.26,192,3.96,19.08,83.81,0
48,12.9,9.95,15.4,1002.5,1003.7,27.3,33.4,20.6,5.21,19.71,242,5.11,19.08,83.81,0
53,11.4,10.29,15.3,1003.2,1004.4,26.2,33.3,17.7,5.62,15.12,350,3.92,19.08,83.81,0
40,5.5,7.34,11.8,1003.5,1004.7,25.3,33.2,15.9,5.86,13.9,5,3.6,19.08,83.81,0
43,7.1,7.9,12.4,1002.3,1003.5,25.3,34.1,16.2,5.87,13.23,26,3.43,19.08,83.81,0
41,6.8,7.58,12.1,1002.1,1003.3,25.4,33.3,16.9,5.9,18.09,307,4.69,19.08,83.81,0
47,9.9,8.64,13.2,1002.1,1003.3,25.3,32.5,17.8,5.81,14.58,163,3.78,19.08,83.81,0
53,12.8,10.18,15.1,1001.4,1002.6,26.0,32.7,16.8,5.77,18.5,171,4.79,19.08,83.81,0
57,13.8,11.56,16.8,1001.6,1002.8,26.9,34.6,18.1,5.77,22.82,33,5.91,19.08,83.81,0
58,13.7,11.9,17.2,1002.1,1003.3,27.1,34.9,19.7,5.81,19.98,55,5.18,19.08,83.81,0
52,12.6,10.91,16.4,1003.0,1004.2,27.5,35.2,18.5,5.9,18.09,51,4.69,19.08,83.81,0
54,12.8,11.54,17.1,1002.7,1003.9,27.8,36.8,18.4,5.93,20.66,47,5.36,19.08,83.81,0
42,10.9,9.23,15.2,1003.2,1004.4,28.3,35.6,19.4,6.0,23.49,15,6.09,19.08,83.81,0
35,5.9,6.86,11.9,1004.0,1005.2,26.4,33.6,17.0,6.19,18.09,23,4.69,19.08,83.81,0
31,4.8,6.0,10.9,1003.4,1004.6,26.2,33.7,18.3,6.18,21.2,17,5.49,19.08,83.81,0
33,6.0,6.67,12.0,1001.9,1003.1,26.9,35.0,16.5,6.14,20.52,9,5.32,19.08,83.81,0
48,11.1,9.72,15.0,1001.8,1003.0,26.9,34.8,18.0,6.14,13.37,92,3.46,19.08,83.81,0
66,17.9,14.22,19.6,1002.6,1003.8,27.9,34.1,20.4,5.69,28.49,173,7.38,19.08,83.81,0
67,18.8,14.34,19.7,1003.2,1004.4,27.8,33.0,20.9,5.22,22.82,167,5.91,19.08,83.81,0
63,17.8,13.88,19.4,1003.2,1004.4,28.3,34.1,21.2,5.57,27.94,170,7.24,19.08,83.81,0
63,17.2,14.14,19.7,1002.5,1003.7,28.6,35.5,20.5,5.88,28.22,129,7.31,19.08,83.81,0
59,15.8,13.55,19.3,1002.6,1003.8,29.0,36.8,20.7,6.15,21.06,74,5.46,19.08,83.81,0
52,14.0,11.87,17.8,1001.9,1003.1,28.9,36.8,20.4,6.3,20.92,169,5.42,19.08,83.81,0
54,14.6,12.19,18.0,1001.9,1003.1,28.7,36.6,19.7,6.25,20.52,161,5.32,19.08,83.81,0
54,13.7,12.47,18.4,1002.7,1003.9,29.1,37.4,20.0,6.32,17.82,75,4.62,19.08,83.81,0
55,14.7,12.75,18.7,1004.6,1005.8,29.2,36.5,20.2,6.31,27.81,83,7.21,19.08,83.81,0
59,16.1,13.27,19.0,1006.2,1007.4,28.7,35.8,19.7,6.06,27.4,174,7.1,19.08,83.81,0
55,14.0,12.14,17.9,1006.4,1007.6,28.4,35.6,20.0,6.33,23.09,194,5.98,19.08,83.81,0
48,12.7,10.84,16.9,1006.5,1007.7,28.8,35.8,20.5,6.27,23.22,204,6.02,19.08,83.81,0
41,10.6,9.3,15.6,1006.6,1007.8,28.9,36.3,20.6,6.37,19.58,187,5.07,19.08,83.81,0
36,9.6,8.41,15.1,1006.1,1007.3,29.4,36.8,20.2,6.43,29.84,222,7.74,19.08,83.81,0
35,9.9,8.46,15.5,1006.8,1008.0,30.0,37.5,21.4,6.33,29.3,68,7.59,19.08,83.81,0
35,9.5,8.36,15.3,1006.8,1008.0,29.8,37.1,21.9,6.47,19.31,334,5.0,19.08,83.81,0
32,8.4,7.79,15.0,1005.8,1007.0,30.1,37.3,21.4,6.52,20.12,355,5.22,19.08,83.81,0
34,9.7,8.39,15.6,1004.1,1005.3,30.3,37.1,22.7,6.47,23.9,120,6.19,19.08,83.81,0
41,12.1,9.89,16.6,1004.0,1005.2,29.9,36.9,21.8,6.0,24.7,161,6.4,19.08,83.81,0
47,13.6,10.95,17.2,1004.5,1005.7,29.3,35.6,21.2,6.21,16.74,179,4.34,19.08,83.81,0
44,13.2,10.56,17.1,1003.9,1005.1,29.8,36.0,21.5,6.02,20.25,180,5.25,19.08,83.81,0
47,14.6,11.28,17.7,1003.7,1004.9,29.8,35.2,22.6,5.15,14.72,236,3.82,19.08,83.81,0
38,11.8,9.38,16.4,1003.6,1004.8,30.3,36.5,23.1,6.37,23.09,187,5.98,19.08,83.81,0
38,10.3,9.06,15.8,1003.2,1004.4,29.7,37.2,20.9,6.63,23.36,210,6.06,19.08,83.81,0
35,9.4,8.6,15.7,1002.0,1003.2,30.2,37.3,20.9,6.73,29.84,185,7.74,19.08,83.81,0
36,10.5,9.02,16.2,1000.0,1001.2,30.5,37.5,22.2,6.11,19.71,172,5.11,19.08,83.81,0
49,14.5,11.47,17.6,999.8,1001.0,29.3,35.9,20.4,6.07,22.01,190,5.7,19.08,83.81,0
65,19.3,15.05,20.6,1001.4,1002.6,29.1,33.9,23.2,4.86,10.26,203,2.66,19.08,83.81,0
62,17.4,13.28,18.7,1001.9,1003.1,27.8,32.4,22.6,4.47,15.39,238,3.99,19.08,83.81,0
75,19.2,14.28,19.3,1001.2,1002.4,25.8,31.2,20.8,4.0,29.3,189,7.59,19.08,83.81,1
82,19.7,14.73,19.7,999.4,1000.6,24.8,27.7,20.8,2.86,20.52,178,5.32,19.08,83.81,1
74,18.8,14.03,19.0,999.0,1000.2,25.7,31.6,19.4,5.93,32.54,181,8.44,19.08,83.81,1
78,20.7,15.53,20.6,999.1,1000.3,26.5,30.8,21.7,5.01,23.09,194,5.98,19.08,83.81,1
74,20.0,15.17,20.3,999.0,1000.2,27.0,32.1,20.2,5.83,21.47,201,5.56,19.08,83.81,0
68,19.4,14.97,20.3,998.8,1000.0,28.2,34.1,21.7,5.07,17.42,202,4.51,19.08,83.81,0
67,20.0,15.64,21.1,999.1,1000.3,29.2,35.2,21.8,6.08,26.86,200,6.96,19.08,83.81,0
68,20.9,16.52,22.0,1000.7,1001.9,29.9,36.6,23.6,5.62,21.33,183,5.53,19.08,83.81,0
72,21.7,17.22,22.5,999.2,1000.4,29.6,36.7,22.4,5.8,16.34,176,4.23,19.08,83.81,1
75,22.4,17.64,22.8,998.9,1000.1,29.3,33.0,23.8,4.98,16.88,192,4.38,19.08,83.81,0
70,21.4,17.55,22.9,999.0,1000.2,30.4,36.0,23.3,5.99,22.54,197,5.84,19.08,83.81,0
70,22.4,18.05,23.4,1000.0,1001.2,30.9,36.2,24.7,6.17,24.44,169,6.34,19.08,83.81,0
71,22.4,17.81,23.1,998.6,999.8,30.4,36.9,23.8,6.16,35.64,171,9.24,19.08,83.81,0
67,21.5,17.2,22.7,998.3,999.5,30.8,35.8,24.8,6.12,21.47,172,5.56,19.08,83.81,0
79,22.4,17.31,22.4,999.0,1000.2,28.1,31.5,24.4,4.44,21.47,179,5.56,19.08,83.81,1
72,21.4,16.74,22.0,998.3,999.5,29.1,34.3,22.8,5.77,22.28,143,5.78,19.08,83.81,0
68,20.8,16.57,22.0,998.0,999.2,29.9,35.3,22.6,5.48,13.37,192,3.46,19.08,83.81,0
73,22.7,18.1,23.3,998.9,1000.1,30.2,36.9,24.3,5.92,22.01,161,5.7,19.08,83.81,1
65,20.9,16.78,22.4,998.4,999.6,30.9,37.4,22.9,6.53,15.66,151,4.06,19.08,83.81,0
61,20.8,16.56,22.5,999.6,1000.8,31.8,37.4,25.0,6.01,24.84,191,6.44,19.08,83.81,0
63,21.2,17.18,23.0,1001.3,1002.5,31.9,38.2,24.9,6.74,23.9,183,6.19,19.08,83.81,0
56,19.1,15.67,22.1,1003.0,1004.2,32.4,38.9,24.3,6.71,15.93,172,4.13,19.08,83.81,0
54,19.0,14.76,21.3,1003.1,1004.3,32.0,38.3,25.1,6.41,24.84,3,6.44,19.08,83.81,0
56,19.7,15.25,21.6,1001.7,1002.9,31.9,38.0,24.9,5.58,19.71,356,5.11,19.08,83.81,0
47,17.2,14.43,21.9,1000.5,1001.7,34.0,41.3,24.5,6.82,20.52,22,5.32,19.08,83.81,0
40,15.5,12.99,21.5,999.6,1000.8,35.0,41.8,26.7,6.93,19.58,10,5.07,19.08,83.81,0
39,14.9,12.68,21.3,998.8,1000.0,35.0,42.3,25.8,7.15,29.56,85,7.66,19.08,83.81,0
41,16.8,13.26,21.6,998.2,999.4,34.9,42.5,26.1,6.68,26.73,129,6.93,19.08,83.81,0
37,15.8,12.66,21.8,997.4,998.6,35.9,42.2,26.6,6.81,14.58,77,3.78,19.08,83.81,0
37,15.7,12.25,21.2,996.5,997.7,35.3,41.8,26.6,6.57,17.01,43,4.41,19.08,83.81,0
40,16.5,13.25,21.8,997.2,998.4,35.3,41.3,26.8,6.45,15.12,140,3.92,19.08,83.81,0
40,16.5,13.16,21.7,997.8,999.0,35.2,42.3,26.8,6.69,28.76,154,7.46,19.08,83.81,0
40,16.1,12.97,21.4,995.4,996.6,34.9,41.7,27.2,5.89,24.3,134,6.3,19.08,83.81,0
45,17.3,13.75,21.3,993.6,994.8,33.8,41.9,25.3,6.3,27.68,58,7.18,19.08,83.81,0
43,16.0,12.1,19.5,995.4,996.6,32.4,37.5,25.4,6.36,24.84,9,6.44,19.08,83.81,0
55,18.7,14.46,20.7,995.6,996.8,31.2,36.9,24.0,6.12,19.31,203,5.0,19.08,83.81,0
72,20.8,15.59,20.8,997.9,999.1,27.9,31.3,22.0,5.07,14.18,200,3.68,19.08,83.81,1
74,21.8,16.88,22.1,999.5,1000.7,28.8,33.6,22.9,5.4,38.07,187,9.87,19.08,83.81,1
80,23.0,17.93,23.0,1000.5,1001.7,28.5,33.6,24.0,4.77,14.44,203,3.74,19.08,83.81,1
76,22.5,17.66,22.8,999.1,1000.3,29.1,33.6,23.6,5.95,15.12,210,3.92,19.08,83.81,0
69,21.8,17.3,22.7,998.9,1000.1,30.4,35.6,23.1,6.55,18.76,197,4.86,19.08,83.81,0
69,22.0,17.08,22.5,999.6,1000.8,30.2,33.3,24.6,6.02,13.5,314,3.5,19.08,83.81,1
76,22.4,17.77,22.9,999.1,1000.3,29.2,35.8,24.3,5.73,18.5,317,4.79,19.08,83.81,1
67,20.7,16.33,21.8,997.5,998.7,29.9,36.3,23.2,6.15,35.37,321,9.17,19.08,83.81,0
85,22.2,16.83,21.9,999.3,1000.5,26.4,26.3,22.8,1.56,14.31,251,3.71,19.08,83.81,1
83,22.3,17.33,22.4,1000.0,1001.2,27.3,33.3,22.6,5.53,19.98,176,5.18,19.08,83.81,1
86,23.4,18.39,23.4,1000.3,1001.5,27.7,32.6,23.0,5.14,16.6,229,4.3,19.08,83.81,1
81,23.7,18.85,23.8,998.7,999.9,29.1,33.6,23.6,6.24,22.82,175,5.91,19.08,83.81,0
82,24.4,19.68,24.5,997.3,998.5,29.6,34.5,24.5,5.79,31.59,182,8.19,19.08,83.81,1
76,23.9,19.36,24.3,996.0,997.2,30.6,35.0,25.4,5.53,9.32,317,2.42,19.08,83.81,0
76,24.4,20.05,24.9,995.7,996.9,31.2,37.5,25.9,5.85,16.74,259,4.34,19.08,83.81,0
71,23.9,19.96,25.0,995.2,996.4,32.3,37.7,25.9,6.68,16.07,197,4.16,19.08,83.81,0
69,24.2,19.83,25.0,996.0,997.2,32.7,36.8,26.4,6.33,11.61,276,3.01,19.08,83.81,0
65,23.1,18.78,24.3,995.6,996.8,32.8,37.9,25.5,6.62,21.47,217,5.56,19.08,83.81,0
68,23.5,19.77,25.0,996.1,997.3,32.9,39.2,26.3,6.34,15.8,191,4.1,19.08,83.81,0
61,20.9,17.73,23.6,994.8,996.0,32.9,40.6,24.0,6.39,20.66,10,5.36,19.08,83.81,0
60,19.9,17.36,23.3,993.5,994.7,32.8,40.6,24.6,7.27,23.22,309,6.02,19.08,83.81,0
61,21.1,17.48,23.3,991.8,993.0,32.6,40.9,23.6,6.94,23.49,195,6.09,19.08,83.81,0
63,22.1,19.01,24.6,992.5,993.7,33.5,40.9,24.6,6.83,16.34,179,4.23,19.08,83.81,0
66,23.5,20.34,25.6,994.8,996.0,33.9,38.6,26.0,5.85,20.92,191,5.42,19.08,83.81,0
71,25.7,21.72,26.5,997.2,998.4,33.8,38.5,27.9,6.55,18.5,176,4.79,19.08,83.81,0
71,25.3,20.96,25.9,998.4,999.6,33.2,39.1,27.8,6.47,16.2,182,4.2,19.08,83.81,0
76,25.4,21.1,25.8,997.0,998.2,32.1,39.2,26.8,5.25,19.71,188,5.11,19.08,83.81,1
65,23.0,18.66,24.2,996.4,997.6,32.7,38.6,25.1,6.81,11.61,189,3.01,19.08,83.81,0
68,23.9,19.74,25.0,997.6,998.8,32.9,39.7,27.0,6.49,12.15,184,3.15,19.08,83.81,0
74,24.3,19.92,24.9,998.5,999.7,31.6,37.5,24.9,6.23,16.74,169,4.34,19.08,83.81,1
61,21.6,17.88,23.8,997.7,998.9,33.1,40.1,26.0,6.74,22.68,218,5.88,19.08,83.81,0
64,23.0,18.37,24.0,996.6,997.8,32.7,38.4,25.4,5.93,12.42,197,3.22,19.08,83.81,0
77,25.2,20.54,25.3,996.5,997.7,31.4,34.2,26.8,4.35,25.24,191,6.54,19.08,83.81,1
70,23.9,19.43,24.6,996.5,997.7,32.1,37.3,25.7,6.5,15.12,185,3.92,19.08,83.81,0
62,22.1,18.23,24.0,995.3,996.5,33.1,38.8,25.5,6.61,18.5,174,4.79,19.08,83.81,0
66,23.0,18.31,23.8,996.3,997.5,32.1,37.9,26.0,6.47,23.22,198,6.02,19.08,83.81,0
70,23.7,19.75,24.9,997.2,998.4,32.4,38.0,25.5,6.51,18.9,210,4.9,19.08,83.81,0
72,24.5,20.2,25.2,997.4,998.6,32.3,38.6,26.8,6.77,20.12,252,5.22,19.08,83.81,1
67,23.7,19.37,24.7,995.5,996.7,32.8,36.6,26.4,5.32,17.55,198,4.55,19.08,83.81,0
61,23.4,18.57,24.4,994.4,995.6,33.7,38.2,28.3,5.29,15.12,105,3.92,19.08,83.81,0
55,21.3,18.03,24.5,993.5,994.7,35.0,41.1,26.6,6.75,22.68,176,5.88,19.08,83.81,0
75,25.7,21.37,26.0,994.3,995.5,32.5,38.2,27.3,5.76,28.22,181,7.31,19.08,83.81,1
80,25.9,21.77,26.2,994.6,995.8,31.7,38.9,27.1,5.01,30.11,178,7.8,19.08,83.81,1
74,24.6,20.38,25.2,993.4,994.6,31.9,37.7,24.9,6.46,18.63,199,4.83,19.08,83.81,1
68,24.5,20.07,25.2,992.6,993.8,33.1,38.2,26.5,6.33,14.44,202,3.74,19.08,83.81,0
65,24.3,19.97,25.3,992.1,993.3,33.8,38.0,26.7,6.18,14.85,199,3.85,19.08,83.81,0
56,22.2,17.68,24.0,991.5,992.7,34.3,38.5,27.7,6.39,20.92,338,5.42,19.08,83.81,0
50,20.8,17.11,24.2,989.0,990.2,35.7,41.7,27.0,6.52,22.01,191,5.7,19.08,83.81,0
45,19.4,16.02,23.9,988.0,989.2,36.4,41.8,27.3,6.73,23.09,299,5.98,19.08,83.81,0
43,20.2,15.72,24.0,988.6,989.8,36.9,41.4,28.5,6.87,25.24,288,6.54,19.08,83.81,0
46,20.8,16.45,24.2,989.1,990.3,36.5,42.6,29.4,6.47,22.01,139,5.7,19.08,83.81,0
65,24.1,19.88,25.2,990.6,991.8,33.7,38.3,28.4,5.59,21.33,164,5.53,19.08,83.81,0
74,24.9,21.12,25.8,992.2,993.4,32.5,39.0,26.6,6.19,34.43,95,8.92,19.08,83.81,1
62,23.7,19.48,25.1,991.9,993.1,34.2,39.0,26.8,6.24,19.58,86,5.07,19.08,83.81,0
52,22.5,18.49,25.3,990.7,991.9,36.4,41.9,28.7,6.42,13.64,79,3.53,19.08,83.81,0
52,22.5,17.76,24.6,991.7,992.9,35.7,39.5,28.9,6.65,16.34,189,4.23,19.08,83.81,0
56,23.2,18.81,25.1,992.1,993.3,35.4,40.5,29.4,6.39,15.26,169,3.96,19.08,83.81,0
68,25.1,20.77,25.8,992.6,993.8,33.7,37.1,28.5,5.31,19.44,177,5.04,19.08,83.81,1
67,24.7,20.59,25.7,992.2,993.4,33.8,38.3,28.0,6.27,23.22,172,6.02,19.08,83.81,0
73,25.3,20.95,25.7,992.3,993.5,32.6,37.2,28.0,6.21,22.41,174,5.81,19.08,83.81,1
76,25.7,21.33,25.9,992.1,993.3,32.2,36.1,27.5,5.71,18.5,104,4.79,19.08,83.81,1
87,25.2,20.26,24.9,992.9,994.1,29.0,29.9,25.9,2.51,15.8,153,4.1,19.08,83.81,1
87,25.3,20.65,25.2,991.7,992.9,29.3,30.1,25.6,2.79,11.88,114,3.08,19.08,83.81,1
91,25.3,20.62,25.2,991.0,992.2,28.5,29.8,25.4,2.45,11.34,122,2.94,19.08,83.81,1
82,24.9,20.29,24.9,990.6,991.8,30.0,33.3,25.9,4.76,18.5,194,4.79,19.08,83.81,0
76,23.7,19.0,23.9,991.2,992.4,30.2,32.5,25.6,4.68,18.9,188,4.9,19.08,83.81,1
72,24.0,19.14,24.2,993.4,994.6,31.3,34.1,26.7,4.94,18.63,183,4.83,19.08,83.81,0
77,25.3,20.59,25.3,994.0,995.2,31.4,34.5,26.6,5.48,15.66,178,4.06,19.08,83.81,0
77,25.8,21.58,26.1,993.5,994.7,32.2,35.1,26.8,5.76,9.86,166,2.55,19.08,83.81,0
78,26.1,21.87,26.3,993.4,994.6,32.2,35.2,27.0,5.78,12.56,150,3.26,19.08,83.81,0
78,25.7,21.51,26.0,992.7,993.9,31.9,35.6,26.6,6.14,14.99,141,3.88,19.08,83.81,1
77,25.5,21.24,25.8,992.1,993.3,31.9,35.6,25.9,6.51,17.14,151,4.44,19.08,83.81,1
79,25.4,20.96,25.5,990.8,992.0,31.2,34.8,25.7,6.6,16.74,171,4.34,19.08,83.81,1
85,25.4,20.82,25.3,989.5,990.7,29.8,32.4,26.0,4.67,19.17,154,4.97,19.08,83.81,1
87,25.3,20.67,25.2,990.8,992.0,29.3,32.8,24.9,4.36,11.34,167,2.94,19.08,83.81,1
89,25.7,21.1,25.6,993.0,994.2,29.3,32.6,25.4,4.67,14.31,174,3.71,19.08,83.81,1
83,25.5,20.94,25.5,994.7,995.9,30.4,32.8,25.8,5.18,11.61,198,3.01,19.08,83.81,0
83,25.9,21.45,25.9,994.4,995.6,30.8,33.5,26.2,5.88,12.56,120,3.26,19.08,83.81,1
80,25.5,21.04,25.6,993.8,995.0,31.1,34.7,25.7,6.37,18.63,187,4.83,19.08,83.81,1
88,25.2,20.6,25.2,993.6,994.8,29.1,32.6,25.0,4.49,13.5,141,3.5,19.08,83.81,1
86,25.2,20.37,25.0,993.3,994.5,29.3,31.9,25.2,5.48,18.09,161,4.69,19.08,83.81,1
85,25.2,20.37,25.0,993.7,994.9,29.5,31.4,25.3,5.09,15.26,176,3.96,19.08,83.81,1
88,25.3,20.71,25.3,994.5,995.7,29.2,32.9,25.4,4.49,17.82,173,4.62,19.08,83.81,1
91,25.4,20.57,25.2,993.5,994.7,28.5,30.1,25.2,2.46,11.07,124,2.87,19.08,83.81,1
86,24.9,20.29,24.9,991.4,992.6,29.2,32.8,24.9,4.34,14.18,126,3.68,19.08,83.81,1
88,25.1,20.32,24.9,989.8,991.0,28.8,31.5,25.4,3.7,11.61,153,3.01,19.08,83.81,1
89,24.8,20.1,24.7,988.2,989.4,28.4,30.1,25.3,2.46,12.69,169,3.29,19.08,83.81,1
87,25.0,20.39,24.9,986.6,987.8,29.0,31.3,25.3,4.8,10.66,163,2.76,19.08,83.81,1
93,25.3,20.67,25.2,987.1,988.3,28.1,28.3,25.0,2.84,12.02,121,3.12,19.08,83.81,1
87,25.4,20.72,25.2,988.5,989.7,29.3,33.0,24.7,5.38,13.5,144,3.5,19.08,83.81,1
89,25.2,20.52,25.1,991.4,992.6,28.8,31.1,25.1,4.61,12.02,74,3.12,19.08,83.81,1
88,25.1,20.5,25.1,992.6,993.8,29.0,31.7,24.7,5.02,13.23,176,3.43,19.08,83.81,1
89,25.1,20.4,25.0,991.2,992.4,28.7,31.2,24.5,5.22,18.63,343,4.83,19.08,83.81,1
82,24.9,20.08,24.7,989.4,990.6,29.8,32.7,24.5,5.62,24.44,359,6.34,19.08,83.81,1
82,25.1,20.35,24.9,987.8,989.0,30.0,32.0,26.1,5.62,23.62,349,6.12,19.08,83.81,1
83,25.4,20.7,25.2,988.7,989.9,30.1,32.9,26.2,5.89,19.58,199,5.07,19.08,83.81,1
82,25.6,21.29,25.7,989.3,990.5,30.8,33.5,25.9,5.85,12.56,198,3.26,19.08,83.81,1
85,26.2,21.94,26.2,989.9,991.1,30.7,33.4,26.2,4.81,14.58,38,3.78,19.08,83.81,1
85,25.8,21.17,25.6,990.3,991.5,30.1,33.0,26.3,4.55,19.44,48,5.04,19.08,83.81,1
87,25.7,21.04,25.5,990.6,991.8,29.6,32.0,26.0,3.07,14.31,71,3.71,19.08,83.81,1
88,25.8,21.18,25.6,989.5,990.7,29.5,31.4,26.0,3.05,17.82,105,4.62,19.08,83.81,1
92,25.2,20.52,25.1,989.4,990.6,28.2,28.4,25.5,1.29,13.9,132,3.6,19.08,83.81,1
78,23.8,19.07,23.9,990.3,991.5,29.8,32.8,25.3,5.06,19.31,192,5.0,19.08,83.81,0
75,23.8,18.92,23.9,993.7,994.9,30.4,33.8,24.1,6.52,14.58,196,3.78,19.08,83.81,0
80,25.2,20.89,25.5,995.2,996.4,31.0,34.5,25.2,6.34,11.34,188,2.94,19.08,83.81,0
84,25.4,20.84,25.4,994.0,995.2,30.1,33.6,25.3,5.36,16.34,183,4.23,19.08,83.81,1
79,24.7,20.09,24.8,992.3,993.5,30.5,33.4,25.3,5.79,12.69,202,3.29,19.08,83.81,0
73,23.2,18.64,23.7,993.2,994.4,30.6,34.6,24.4,6.48,16.74,264,4.34,19.08,83.81,0
71,23.2,18.5,23.7,995.6,996.8,31.0,35.9,24.0,6.82,14.58,321,3.78,19.08,83.81,0
76,24.1,19.23,24.2,996.4,997.6,30.5,34.0,24.8,6.52,18.09,86,4.69,19.08,83.81,0
77,25.0,20.44,25.2,995.6,996.8,31.3,34.7,25.1,6.67,13.1,173,3.39,19.08,83.81,0
78,24.9,20.25,25.0,994.8,996.0,30.9,33.6,25.9,5.73,10.8,80,2.8,19.08,83.81,1
77,24.5,19.75,24.6,994.8,996.0,30.7,33.6,25.8,4.87,10.53,159,2.73,19.08,83.81,0
85,25.3,20.68,25.3,995.9,997.1,29.8,32.4,25.9,4.42,12.02,126,3.12,19.08,83.81,1
84,25.4,20.81,25.4,995.7,996.9,30.1,34.0,25.7,5.71,15.52,100,4.02,19.08,83.81,1
84,25.3,20.69,25.3,995.3,996.5,30.0,31.6,25.4,4.67,9.99,75,2.59,19.08,83.81,1
89,25.1,20.22,24.9,994.2,995.4,28.6,30.1,25.3,2.79,12.69,77,3.29,19.08,83.81,1
93,24.9,20.08,24.8,991.8,993.0,27.7,28.7,24.9,2.25,14.72,97,3.82,19.08,83.81,1
86,24.5,19.93,24.6,991.6,992.8,28.9,32.7,24.5,6.06,22.82,175,5.91,19.08,83.81,1
83,25.1,20.48,25.1,993.6,994.8,30.0,32.9,24.6,6.21,17.01,189,4.41,19.08,83.81,0
87,25.7,21.09,25.6,994.2,995.4,29.7,32.4,25.3,5.8,13.9,162,3.6,19.08,83.81,1
87,25.7,20.96,25.5,994.4,995.6,29.6,32.5,25.5,5.47,17.55,152,4.55,19.08,83.81,1
89,25.7,20.95,25.5,994.2,995.4,29.2,32.0,25.0,4.06,12.82,122,3.32,19.08,83.81,1
87,25.6,20.86,25.4,993.3,994.5,29.5,33.1,26.2,4.21,11.74,143,3.04,19.08,83.81,1
90,25.3,20.57,25.2,994.4,995.6,28.7,30.5,25.9,3.1,18.76,155,4.86,19.08,83.81,1
93,25.2,20.37,25.1,995.2,996.4,28.0,29.7,25.0,3.59,15.52,151,4.02,19.08,83.81,1
83,25.3,20.82,25.4,994.7,995.9,30.3,33.6,24.7,6.28,12.42,35,3.22,19.08,83.81,0
72,23.2,18.9,24.0,994.3,995.5,31.1,35.3,24.6,6.71,11.21,16,2.9,19.08,83.81,0
72,22.8,18.03,23.2,994.7,995.9,30.3,33.9,23.4,6.66,12.02,3,3.12,19.08,83.81,0
69,22.7,17.77,23.1,995.4,996.6,30.8,34.1,25.7,6.94,9.18,196,2.38,19.08,83.81,0
75,24.1,19.44,24.4,995.9,997.1,30.9,34.5,25.3,6.57,13.1,179,3.39,19.08,83.81,0
85,25.8,21.3,25.8,996.1,997.3,30.3,34.1,25.7,5.33,14.72,315,3.82,19.08,83.81,1
88,26.3,21.7,26.1,995.0,996.2,30.0,31.7,26.3,4.54,9.86,7,2.55,19.08,83.81,0
85,25.1,20.5,25.1,992.9,994.1,29.6,33.0,25.7,5.63,18.36,14,4.76,19.08,83.81,1
90,24.9,19.92,24.6,990.5,991.7,28.1,28.7,24.9,3.06,11.88,335,3.08,19.08,83.81,1
92,24.8,20.02,24.7,989.8,991.0,27.8,30.8,24.9,3.75,10.94,350,2.83,19.08,83.81,1
91,24.8,20.13,24.8,991.1,992.3,28.1,31.6,24.2,4.07,23.09,209,5.98,19.08,83.81,1
93,25.3,20.56,25.2,992.0,993.2,28.1,28.9,25.0,2.67,12.82,179,3.32,19.08,83.81,1
86,25.2,20.38,25.0,993.2,994.4,29.3,31.1,25.2,4.79,20.52,176,5.32,19.08,83.81,1
83,25.3,20.72,25.3,993.4,994.6,30.2,33.6,25.4,5.89,17.01,182,4.41,19.08,83.81,1
87,25.6,20.76,25.3,992.3,993.5,29.4,32.5,25.4,5.44,19.04,184,4.93,19.08,83.81,1
88,25.8,21.14,25.6,991.6,992.8,29.5,33.7,25.0,5.03,17.14,77,4.44,19.08,83.81,1
90,25.2,20.49,25.1,992.1,993.3,28.6,30.5,25.3,3.63,10.8,87,2.8,19.08,83.81,1
92,25.4,20.59,25.2,991.5,992.7,28.3,31.1,24.9,2.99,12.28,95,3.18,19.08,83.81,1
90,24.8,20.03,24.7,991.0,992.2,28.2,29.8,24.8,2.79,14.18,155,3.68,19.08,83.81,1
83,24.7,20.02,24.7,992.7,993.9,29.6,32.8,24.7,5.5,17.55,185,4.55,19.08,83.81,0
87,25.5,20.83,25.4,994.8,996.0,29.5,32.5,25.2,5.43,11.34,169,2.94,19.08,83.81,1
89,25.6,21.07,25.6,994.2,995.4,29.3,32.8,25.4,5.22,8.91,29,2.31,19.08,83.81,1
90,25.6,20.95,25.5,993.8,995.0,29.0,30.8,24.8,4.83,17.28,120,4.48,19.08,83.81,1
88,25.4,20.7,25.3,994.6,995.8,29.2,32.5,24.9,4.32,14.85,65,3.85,19.08,83.81,1
92,25.0,20.16,24.9,994.7,995.9,28.0,29.1,24.9,2.37,9.18,115,2.38,19.08,83.81,1
89,24.9,20.08,24.8,995.3,996.5,28.5,31.8,24.5,4.83,9.99,136,2.59,19.08,83.81,1
83,24.8,20.07,24.8,995.8,997.0,29.7,33.1,24.3,5.82,12.56,185,3.26,19.08,83.81,0
87,25.1,20.54,25.2,997.0,998.2,29.3,33.1,25.3,5.44,14.18,184,3.68,19.08,83.81,1
90,25.2,20.4,25.1,996.4,997.6,28.6,30.9,24.5,4.31,12.96,173,3.36,19.08,83.81,1
88,25.0,20.32,25.0,995.6,996.8,28.9,30.7,23.9,4.06,13.64,196,3.53,19.08,83.81,1
87,25.1,20.19,24.9,996.2,997.4,29.0,32.2,24.6,4.99,20.92,176,5.42,19.08,83.81,1
87,25.2,20.44,25.1,995.9,997.1,29.2,32.2,24.5,5.74,15.52,271,4.02,19.08,83.81,1
85,25.0,20.33,25.0,995.4,996.6,29.5,33.6,24.9,5.97,14.18,86,3.68,19.08,83.81,1
83,24.6,19.85,24.6,995.1,996.3,29.5,33.6,24.4,5.87,17.01,74,4.41,19.08,83.81,1
89,25.0,20.09,24.8,994.6,995.8,28.5,31.9,23.8,4.86,9.86,104,2.55,19.08,83.81,1
89,25.4,20.6,25.2,993.4,994.6,28.9,30.8,24.1,4.05,11.74,144,3.04,19.08,83.81,1
88,25.7,21.22,25.7,993.5,994.7,29.6,32.7,25.2,4.32,14.18,182,3.68,19.08,83.81,1
88,25.3,20.84,25.4,993.9,995.1,29.3,33.9,25.0,4.96,10.8,104,2.8,19.08,83.81,1
76,23.0,18.59,23.6,995.1,996.3,29.9,35.4,23.2,5.71,12.56,313,3.26,19.08,83.81,0
71,21.4,16.35,21.6,995.6,996.8,28.9,33.0,21.2,6.17,12.42,76,3.22,19.08,83.81,0
72,21.9,16.88,22.1,995.7,996.9,29.2,33.2,22.9,6.25,8.78,217,2.28,19.08,83.81,0
72,22.5,17.47,22.7,996.9,998.1,29.8,33.6,24.1,6.23,10.53,164,2.73,19.08,83.81,0
76,23.6,18.85,23.9,998.8,1000.0,30.2,33.6,25.4,5.93,12.15,177,3.15,19.08,83.81,0
74,23.6,18.87,24.0,1000.2,1001.4,30.7,34.1,25.3,6.12,10.4,57,2.7,19.08,83.81,0
74,22.7,18.0,23.2,1000.4,1001.6,29.9,34.4,23.9,6.33,10.53,312,2.73,19.08,83.81,0
70,22.1,17.02,22.4,1000.5,1001.7,29.9,33.5,24.2,6.09,12.69,327,3.29,19.08,83.81,0
74,22.4,17.45,22.7,1001.9,1003.1,29.4,32.7,24.3,5.9,13.5,308,3.5,19.08,83.81,0
73,22.4,17.2,22.5,1002.6,1003.8,29.4,32.9,24.3,5.93,14.99,202,3.88,19.08,83.81,0
69,21.2,16.25,21.7,1002.3,1003.5,29.4,33.2,23.6,6.1,9.32,283,2.42,19.08,83.81,0
68,20.6,15.67,21.1,1000.8,1002.0,29.0,32.8,22.7,6.07,13.1,333,3.39,19.08,83.81,0
68,20.3,15.38,20.8,1001.2,1002.4,28.7,32.4,22.4,5.97,9.72,261,2.52,19.08,83.81,0
69,20.6,15.51,20.9,1002.0,1003.2,28.6,32.2,22.9,5.8,10.8,271,2.8,19.08,83.81,0
69,21.2,16.25,21.7,1002.5,1003.7,29.4,33.0,23.6,5.85,9.45,343,2.45,19.08,83.81,0
70,21.7,16.49,21.9,1002.7,1003.9,29.4,32.5,23.7,5.28,11.34,346,2.94,19.08,83.81,0
68,20.4,15.63,21.1,1003.0,1004.2,29.0,33.7,23.5,5.84,12.82,353,3.32,19.08,83.81,0
70,19.9,15.08,20.4,1003.2,1004.4,27.9,32.5,21.6,5.72,13.77,4,3.57,19.08,83.81,0
64,17.7,13.3,18.6,1002.5,1003.7,27.3,32.7,20.5,5.83,18.09,5,4.69,19.08,83.81,0
62,18.5,13.46,18.9,1000.0,1001.2,28.0,32.0,21.7,4.38,24.57,6,6.37,19.08,83.81,0
69,20.6,15.81,21.2,1000.6,1001.8,28.9,33.2,21.9,5.72,14.31,55,3.71,19.08,83.81,0
73,21.7,16.8,22.1,1002.5,1003.7,29.0,32.2,23.9,5.12,13.23,175,3.43,19.08,83.81,0
69,20.4,15.59,21.0,1002.8,1004.0,28.7,32.4,23.3,5.52,11.88,43,3.08,19.08,83.81,0
68,19.0,14.48,19.8,1002.4,1003.6,27.7,32.1,21.2,5.62,12.82,10,3.32,19.08,83.81,0
69,19.0,14.34,19.6,1002.8,1004.0,27.3,31.6,20.8,5.51,9.86,347,2.55,19.08,83.81,0
59,16.3,12.1,17.4,1002.7,1003.9,27.1,31.4,19.5,5.89,11.21,348,2.9,19.08,83.81,0
60,16.4,12.09,17.3,1003.0,1004.2,26.8,30.9,20.4,5.79,13.77,290,3.57,19.08,83.81,0
65,18.2,13.25,18.5,1003.5,1004.7,27.0,31.9,20.7,5.37,12.02,311,3.12,19.08,83.81,0
75,20.7,15.58,20.8,1003.9,1005.1,27.3,31.1,21.6,4.8,10.4,281,2.7,19.08,83.81,0
84,22.7,17.39,22.5,1002.8,1004.0,27.2,30.8,21.7,4.65,11.88,247,3.08,19.08,83.81,1
84,22.9,17.94,23.0,1001.2,1002.4,27.7,32.6,22.3,5.13,17.42,151,4.51,19.08,83.81,1
85,22.9,17.73,22.8,1001.4,1002.6,27.3,31.7,22.4,4.7,21.74,234,5.64,19.08,83.81,1
82,22.4,17.17,22.3,1002.8,1004.0,27.4,31.6,21.9,4.85,16.74,53,4.34,19.08,83.81,0
82,22.5,17.36,22.5,1003.9,1005.1,27.6,32.2,21.9,4.34,14.72,343,3.82,19.08,83.81,0
78,21.9,16.91,22.1,1003.6,1004.8,28.0,32.3,22.7,5.04,19.98,217,5.18,19.08,83.81,0
62,17.3,13.58,19.1,1003.1,1004.3,28.2,33.1,21.9,5.42,17.82,4,4.62,19.08,83.81,0
56,14.4,10.67,15.6,1003.7,1004.9,25.9,31.9,18.7,5.54,11.74,291,3.04,19.08,83.81,0
60,15.9,11.63,16.7,1005.0,1006.2,26.2,31.8,18.9,5.47,9.32,272,2.42,19.08,83.81,0
62,17.2,12.85,18.2,1005.0,1006.2,27.3,33.2,19.9,5.38,11.07,353,2.87,19.08,83.81,0
61,17.4,12.79,18.2,1004.8,1006.0,27.5,33.3,20.9,5.33,11.34,295,2.94,19.08,83.81,0
66,18.5,13.68,19.0,1004.8,1006.0,27.3,31.9,20.6,5.21,10.26,281,2.66,19.08,83.81,0
67,18.4,13.74,19.0,1004.1,1005.3,27.1,31.8,20.8,4.9,14.18,8,3.68,19.08,83.81,0
61,16.8,12.51,17.8,1003.1,1004.3,27.1,32.0,20.2,4.8,16.88,350,4.38,19.08,83.81,0
60,18.2,13.23,18.8,1002.1,1003.3,28.3,31.8,22.7,3.99,25.24,13,6.54,19.08,83.81,0
70,19.6,14.81,20.1,1002.9,1004.1,27.6,32.7,20.4,5.21,14.72,39,3.82,19.08,83.81,0
73,20.3,15.53,20.8,1003.6,1004.8,27.7,32.3,21.0,4.97,20.66,214,5.36,19.08,83.81,0
73,20.2,15.53,20.8,1004.2,1005.4,27.7,32.2,21.3,4.45,10.4,345,2.7,19.08,83.81,0
72,19.1,14.42,19.6,1004.5,1005.7,26.7,31.8,19.8,4.17,19.04,22,4.93,19.08,83.81,0
77,20.8,15.72,20.9,1003.7,1004.9,27.0,31.0,21.9,4.1,16.74,177,4.34,19.08,83.81,0
79,21.4,16.34,21.5,1002.7,1003.9,27.2,31.6,21.9,4.25,14.85,235,3.85,19.08,83.81,0
81,21.3,16.27,21.4,1002.4,1003.6,26.7,31.2,21.2,4.55,18.5,193,4.79,19.08,83.81,0
84,21.6,16.46,21.6,1003.3,1004.5,26.3,29.7,21.5,3.73,11.07,90,2.87,19.08,83.81,0
76,20.2,15.22,20.4,1004.6,1005.8,26.7,30.5,20.9,4.13,9.99,306,2.59,19.08,83.81,0
72,18.8,13.98,19.1,1005.2,1006.4,26.2,30.4,20.6,4.85,10.66,237,2.76,19.08,83.81,0
73,18.9,14.02,19.1,1004.1,1005.3,26.0,30.7,20.5,4.7,11.74,198,3.04,19.08,83.81,0
70,18.7,14.12,19.3,1002.7,1003.9,26.8,31.6,20.6,4.87,15.66,171,4.06,19.08,83.81,0
67,17.9,13.26,18.4,1003.3,1004.5,26.5,30.9,19.4,4.85,17.01,219,4.41,19.08,83.81,0
65,17.7,12.94,18.1,1003.7,1004.9,26.6,32.2,20.8,4.86,10.94,213,2.83,19.08,83.81,0
64,17.4,12.97,18.2,1003.1,1004.3,26.9,33.0,19.1,4.89,12.42,5,3.22,19.08,83.81,0
65,17.0,13.03,18.2,1002.8,1004.0,26.7,32.2,19.0,4.57,13.77,10,3.57,19.08,83.81,0
60,17.1,12.45,17.8,1003.0,1004.2,27.3,31.2,21.3,3.52,16.88,9,4.38,19.08,83.81,0
69,18.8,14.02,19.2,1001.8,1003.0,26.9,30.5,22.1,2.59,12.69,326,3.29,19.08,83.81,1
88,21.6,16.18,21.3,1000.8,1002.0,25.2,26.5,22.2,1.87,15.52,324,4.02,19.08,83.81,1
89,20.7,15.39,20.5,1001.3,1002.5,24.2,24.2,21.2,1.22,15.26,319,3.96,19.08,83.81,1
84,21.1,15.91,21.0,1001.2,1002.4,25.7,29.8,20.3,4.18,15.26,190,3.96,19.08,83.81,1
81,19.7,14.68,19.7,1002.4,1003.6,25.0,28.7,20.0,4.26,18.36,19,4.76,19.08,83.81,0
77,18.2,13.26,18.1,1003.9,1005.1,24.2,28.8,18.0,4.46,11.07,1,2.87,19.08,83.81,0
70,16.7,12.13,16.8,1003.3,1004.5,24.3,28.4,19.2,4.71,8.91,8,2.31,19.08,83.81,0
71,16.5,12.15,16.8,1004.1,1005.3,24.1,27.7,18.9,4.54,9.05,354,2.34,19.08,83.81,0
71,16.0,11.5,15.9,1003.2,1004.4,23.2,27.0,17.9,4.63,9.72,111,2.52,19.08,83.81,0
74,15.9,11.61,16.0,1004.3,1005.5,22.7,27.3,16.7,4.77,12.15,103,3.15,19.08,83.81,0
71,15.4,11.26,15.6,1005.8,1007.0,22.9,27.6,16.6,4.79,10.53,295,2.73,19.08,83.81,0
68,14.5,10.65,14.8,1006.3,1007.5,22.7,28.0,15.7,4.8,11.48,80,2.97,19.08,83.81,0
73,15.6,11.45,15.8,1005.2,1006.4,22.7,28.3,16.7,4.75,9.72,112,2.52,19.08,83.81,0
71,15.3,11.27,15.6,1005.3,1006.5,22.9,27.8,17.5,4.63,11.21,147,2.9,19.08,83.81,0
66,14.7,10.66,14.9,1006.0,1007.2,23.2,27.6,17.7,4.59,10.66,333,2.76,19.08,83.81,0
64,13.8,10.14,14.2,1006.5,1007.7,22.9,27.8,16.4,4.67,9.32,359,2.42,19.08,83.81,0
62,12.4,9.23,12.8,1006.3,1007.5,21.9,27.4,15.6,4.78,10.66,72,2.76,19.08,83.81,0
62,12.2,9.18,12.7,1005.5,1006.7,21.8,27.3,15.4,4.81,10.66,178,2.76,19.08,83.81,0
67,13.7,10.18,14.1,1005.4,1006.6,22.2,27.9,16.4,4.79,14.58,176,3.78,19.08,83.81,0
74,15.7,11.66,16.1,1006.6,1007.8,22.8,28.0,16.5,4.65,17.01,180,4.41,19.08,83.81,0
71,16.0,11.66,16.2,1007.9,1009.1,23.5,28.9,17.8,4.71,11.88,168,3.08,19.08,83.81,0
76,16.9,12.58,17.3,1007.0,1008.2,23.6,29.7,17.3,4.74,9.86,167,2.55,19.08,83.81,0
75,16.6,12.18,16.8,1007.0,1008.2,23.3,28.8,17.2,4.62,11.74,173,3.04,19.08,83.81,0
75,16.4,12.03,16.6,1007.7,1008.9,23.1,28.3,17.1,4.37,9.72,177,2.52,19.08,83.81,0
77,16.9,12.52,17.2,1006.6,1007.8,23.3,28.6,17.0,4.57,16.34,190,4.23,19.08,83.81,0
76,16.8,12.58,17.3,1006.6,1007.8,23.6,29.1,17.1,4.3,21.47,169,5.56,19.08,83.81,0
77,17.0,12.6,17.3,1005.8,1007.0,23.4,29.0,16.8,4.49,18.76,170,4.86,19.08,83.81,0
74,16.1,12.11,16.7,1005.4,1006.6,23.4,29.5,16.8,4.69,19.31,160,5.0,19.08,83.81,0
74,16.1,12.04,16.6,1005.4,1006.6,23.3,29.5,16.9,4.75,22.01,160,5.7,19.08,83.81,0
76,16.4,12.3,16.9,1005.1,1006.3,23.2,28.7,16.6,4.44,23.09,188,5.98,19.08,83.81,0
75,16.2,12.06,16.6,1004.8,1006.0,23.1,28.9,16.8,4.49,20.12,194,5.22,19.08,83.81,0
71,15.2,11.34,15.7,1004.7,1005.9,23.0,29.4,15.7,4.73,23.36,186,6.06,19.08,83.81,0
60,12.6,9.69,13.7,1005.2,1006.4,23.2,29.3,16.4,4.93,19.44,200,5.04,19.08,83.81,0
62,12.7,10.01,14.1,1005.6,1006.8,23.2,30.4,15.9,5.01,17.55,180,4.55,19.08,83.81,0
63,13.3,10.42,14.7,1006.2,1007.4,23.6,30.1,15.9,4.9,14.99,191,3.88,19.08,83.81,0
60,14.6,10.87,15.6,1006.2,1007.4,25.1,31.1,19.2,4.84,21.87,201,5.67,19.08,83.81,0
65,15.6,11.72,16.5,1006.1,1007.3,25.0,30.8,18.1,4.77,20.12,179,5.22,19.08,83.81,0
68,17.0,12.89,17.9,1004.5,1005.7,25.8,31.7,18.2,4.63,23.22,177,6.02,19.08,83.81,0
62,16.5,12.54,17.8,1005.0,1006.2,26.9,32.5,19.9,4.43,17.69,41,4.58,19.08,83.81,0
68,17.0,12.58,17.5,1004.8,1006.0,25.4,30.8,18.8,4.72,23.9,174,6.19,19.08,83.81,0
71,17.0,13.3,18.3,1004.6,1005.8,25.6,32.7,19.2,4.73,24.57,123,6.37,19.08,83.81,0
71,17.7,13.39,18.4,1004.2,1005.4,25.7,30.9,19.5,4.74,19.84,136,5.14,19.08,83.81,0
72,18.2,13.76,18.8,1003.2,1004.4,25.9,30.8,19.0,4.15,20.39,174,5.28,19.08,83.81,0
72,18.9,14.28,19.4,1002.3,1003.5,26.5,30.8,21.4,4.57,24.98,170,6.48,19.08,83.81,0
72,18.4,13.6,18.6,1002.6,1003.8,25.7,30.3,20.2,4.39,22.28,176,5.78,19.08,83.81,0
70,17.0,13.13,18.1,1002.9,1004.1,25.6,31.2,18.4,4.78,20.92,183,5.42,19.08,83.81,0
69,17.2,13.01,18.0,1003.8,1005.0,25.7,31.2,18.4,4.81,19.98,174,5.18,19.08,83.81,0
75,18.4,13.71,18.7,1005.0,1006.2,25.2,30.0,18.7,4.12,23.9,174,6.19,19.08,83.81,0
74,18.8,14.3,19.4,1004.3,1005.5,26.1,31.1,20.4,4.29,13.64,198,3.53,19.08,83.81,0
84,19.7,14.54,19.6,1005.9,1007.1,24.3,27.4,19.4,3.33,13.1,230,3.39,19.08,83.81,1
78,19.2,14.18,19.2,1005.0,1006.2,25.1,29.4,19.5,4.25,21.47,186,5.56,19.08,83.81,0
82,19.3,14.39,19.4,1004.4,1005.6,24.5,29.5,19.4,3.26,21.6,242,5.6,19.08,83.81,1
81,18.6,13.58,18.5,1006.6,1007.8,23.8,26.5,18.9,3.42,12.42,331,3.22,19.08,83.81,1
73,17.1,12.52,17.3,1008.1,1009.3,24.2,28.7,18.0,4.56,16.47,199,4.27,19.08,83.81,0
75,16.7,12.47,17.2,1008.2,1009.4,23.7,28.8,17.6,5.11,19.98,153,5.18,19.08,83.81,0
72,15.2,11.68,16.2,1007.9,1009.1,23.3,29.2,16.8,4.83,17.01,193,4.41,19.08,83.81,0
70,15.7,11.94,16.6,1006.6,1007.8,24.1,30.4,16.7,5.27,17.28,192,4.48,19.08,83.81,0
66,14.5,11.34,15.9,1005.5,1006.7,24.2,31.0,16.5,5.39,16.34,208,4.23,19.08,83.81,0
64,14.7,11.48,16.2,1005.1,1006.3,24.9,31.0,17.2,5.11,13.1,185,3.39,19.08,83.81,0
60,13.8,11.22,16.1,1004.9,1006.1,25.6,32.7,17.5,5.37,16.34,185,4.23,19.08,83.81,0
70,17.6,13.27,18.3,1004.5,1005.7,25.8,31.1,18.4,4.72,12.02,222,3.12,19.08,83.81,0
66,17.2,13.35,18.6,1005.5,1006.7,26.9,32.6,20.4,5.13,17.01,130,4.41,19.08,83.81,0
70,17.7,13.81,19.0,1007.0,1008.2,26.5,32.4,19.7,5.2,28.76,196,7.46,19.08,83.81,0
71,18.4,14.27,19.5,1006.4,1007.6,26.8,32.9,18.9,4.99,24.98,174,6.48,19.08,83.81,0
68,19.5,15.41,20.9,1005.5,1006.7,28.8,35.5,21.1,4.86,15.52,178,4.02,19.08,83.81,0
67,19.5,15.46,21.0,1004.7,1005.9,29.1,36.6,20.9,5.25,24.98,136,6.48,19.08,83.81,0
69,19.6,15.47,20.9,1004.5,1005.7,28.6,35.7,21.5,5.28,17.55,127,4.55,19.08,83.81,0
73,19.8,14.77,20.0,1006.2,1007.4,26.9,31.9,21.7,4.97,25.79,180,6.68,19.08,83.81,0
63,17.0,12.64,17.9,1007.4,1008.6,26.8,32.5,20.6,5.66,31.86,178,8.26,19.08,83.81,0
66,16.5,12.77,17.9,1007.9,1009.1,26.2,32.9,18.8,5.63,21.47,175,5.56,19.08,83.81,0
60,14.9,11.53,16.6,1007.8,1009.0,26.1,33.3,17.7,5.63,20.25,182,5.25,19.08,83.81,0
57,13.3,10.83,15.8,1007.1,1008.3,25.9,33.4,17.1,5.87,21.47,180,5.56,19.08,83.81,0
55,13.5,10.52,15.5,1005.7,1006.9,26.0,34.1,17.7,5.87,20.92,172,5.42,19.08,83.81,0
50,12.3,9.91,15.1,1005.7,1006.9,26.6,34.5,17.7,5.72,18.09,179,4.69,19.08,83.81,0
50,13.3,10.33,15.8,1006.4,1007.6,27.3,33.7,19.0,5.64,19.58,205,5.07,19.08,83.81,0
53,14.3,11.38,17.0,1003.8,1005.0,27.9,34.3,19.8,5.29,26.46,162,6.86,19.08,83.81,0
55,15.0,11.76,17.3,1002.8,1004.0,27.8,34.2,18.5,5.12,19.04,180,4.93,19.08,83.81,0
51,14.1,11.22,17.0,1002.8,1004.0,28.3,35.1,19.1,5.33,20.39,174,5.28,19.08,83.81,0
45,12.7,10.08,16.1,1001.7,1002.9,28.6,35.6,20.1,5.61,14.85,181,3.85,19.08,83.81,0
48,14.1,11.23,17.4,1000.1,1001.3,29.3,36.5,20.4,5.51,36.32,171,9.41,19.08,83.81,0
56,16.6,12.81,18.6,1000.3,1001.5,28.9,36.1,20.1,5.48,33.48,176,8.68,19.08,83.81,0
69,19.3,14.79,20.1,1001.6,1002.8,27.8,32.9,21.1,4.98,19.31,175,5.0,19.08,83.81,0
72,20.7,15.8,21.1,1002.4,1003.6,28.2,32.8,22.7,4.99,22.54,175,5.84,19.08,83.81,0
67,19.5,15.04,20.5,1003.0,1004.2,28.6,33.2,22.9,5.06,22.28,176,5.78,19.08,83.81,0
70,19.5,14.88,20.2,1004.5,1005.7,27.7,33.7,20.5,5.63,23.09,177,5.98,19.08,83.81,0
68,19.5,15.16,20.6,1003.9,1005.1,28.5,34.4,21.1,5.87,25.79,177,6.68,19.08,83.81,0
62,18.4,14.41,20.1,1003.0,1004.2,29.2,35.4,21.5,5.84,12.69,299,3.29,19.08,83.81,0
56,16.1,13.56,19.6,1002.7,1003.9,29.9,37.0,21.3,5.74,26.73,14,6.93,19.08,83.81,0
53,14.6,12.59,18.7,1003.4,1004.6,29.6,37.9,21.5,6.06,29.02,57,7.52,19.08,83.81,0
54,14.4,12.62,18.6,1002.5,1003.7,29.3,37.3,20.0,6.28,19.31,199,5.0,19.08,83.81,0
50,15.1,11.96,18.2,1001.6,1002.8,29.7,37.1,20.5,6.21,23.62,177,6.12,19.08,83.81,0
50,15.5,12.39,18.8,1001.4,1002.6,30.3,37.3,21.0,5.92,22.01,177,5.7,19.08,83.81,0
58,17.9,14.3,20.3,1002.0,1003.2,30.2,37.2,21.2,5.87,22.01,166,5.7,19.08,83.81,0
56,18.8,14.39,20.6,1001.6,1002.8,30.9,36.0,23.2,5.61,25.24,189,6.54,19.08,83.81,0
49,16.3,12.66,19.3,1000.5,1001.7,31.0,37.9,23.0,5.22,22.68,166,5.88,19.08,83.81,0
60,19.4,14.64,20.5,1001.5,1002.7,30.0,35.2,22.6,5.21,21.6,179,5.6,19.08,83.81,0
65,20.4,15.94,21.6,1002.6,1003.8,30.1,34.6,24.1,5.75,26.06,181,6.76,19.08,83.81,0
61,19.3,15.56,21.5,1003.8,1005.0,30.8,36.5,23.2,5.67,26.73,179,6.93,19.08,83.81,0
62,20.1,15.91,21.8,1003.9,1005.1,30.9,37.1,22.8,5.87,29.02,173,7.52,19.08,83.81,0
55,19.0,15.32,21.8,1001.5,1002.7,32.3,39.5,23.0,5.69,29.16,164,7.56,19.08,83.81,0
56,20.1,16.08,22.5,1000.5,1001.7,32.8,38.8,24.8,5.95,25.52,181,6.61,19.08,83.81,0
58,20.4,16.66,22.9,1000.7,1001.9,32.8,38.9,25.4,5.53,31.46,168,8.15,19.08,83.81,0
65,21.1,16.64,22.3,1001.0,1002.2,30.8,36.1,23.6,5.44,32.54,172,8.44,19.08,83.81,0
57,19.2,14.9,21.1,1002.2,1003.4,31.2,37.4,24.1,5.97,24.44,177,6.34,19.08,83.81,0
64,19.9,15.15,20.8,1002.9,1004.1,29.5,34.0,22.9,3.42,11.21,173,2.9,19.08,83.81,0
64,20.0,14.98,20.6,1002.0,1003.2,29.3,35.0,23.2,5.28,13.23,270,3.43,19.08,83.81,0
73,20.7,15.46,20.7,1002.4,1003.6,27.6,31.2,22.8,3.3,24.03,313,6.23,19.08,83.81,1
83,19.3,14.04,19.0,1004.0,1005.2,23.9,25.5,19.7,3.01,10.8,174,2.8,19.08,83.81,1
72,18.0,13.94,19.0,1002.2,1003.4,26.1,32.7,18.3,6.2,16.07,194,4.16,19.08,83.81,0
71,20.0,15.72,21.0,999.8,1001.0,28.3,34.1,20.7,6.16,20.52,182,5.32,19.08,83.81,0
69,19.8,15.92,21.3,999.3,1000.5,29.0,36.0,20.6,6.53,21.74,167,5.64,19.08,83.81,0
68,20.7,16.71,22.2,1001.2,1002.4,30.1,36.4,22.3,6.3,19.98,184,5.18,19.08,83.81,0
60,18.6,14.72,20.6,1001.3,1002.5,30.1,36.8,21.6,6.24,21.06,182,5.46,19.08,83.81,0
49,15.7,12.07,18.5,1001.9,1003.1,30.2,36.9,21.2,6.3,22.82,174,5.91,19.08,83.81,0
52,16.7,13.1,19.5,1003.1,1004.3,30.6,38.6,20.3,6.63,22.41,169,5.81,19.08,83.81,0
57,18.7,15.36,21.6,1000.6,1001.8,31.7,39.6,22.8,6.65,23.09,182,5.98,19.08,83.81,0
56,19.5,15.37,21.7,999.2,1000.4,32.0,39.9,23.0,6.46,25.79,166,6.68,19.08,83.81,0
57,19.8,16.0,22.3,1000.5,1001.7,32.4,40.4,23.6,6.42,16.47,199,4.27,19.08,83.81,0
55,19.7,14.8,21.2,1001.7,1002.9,31.7,36.8,24.0,5.87,9.18,182,2.38,19.08,83.81,0
56,20.1,16.21,22.6,998.2,999.4,32.9,40.0,24.2,6.45,15.52,181,4.02,19.08,83.81,0
62,21.9,18.1,23.9,996.6,997.8,33.0,40.4,24.8,6.47,27.14,171,7.04,19.08,83.81,0
64,22.7,18.34,24.0,998.0,999.2,32.7,39.2,24.3,6.35,18.9,179,4.9,19.08,83.81,0
63,23.1,19.02,24.7,997.7,998.9,33.6,39.5,26.2,6.4,16.6,166,4.3,19.08,83.81,0
56,21.1,17.69,24.1,996.4,997.6,34.4,41.3,25.4,6.46,25.79,146,6.68,19.08,83.81,0
53,20.7,16.75,23.5,995.7,996.9,34.4,42.3,25.4,6.37,32.67,175,8.47,19.08,83.81,0
52,20.1,16.05,22.9,996.4,997.6,34.0,41.2,26.7,6.53,15.66,184,4.06,19.08,83.81,0
57,20.1,15.18,21.4,1000.7,1001.9,31.5,36.5,25.1,6.05,15.93,297,4.13,19.08,83.81,0
53,18.1,13.85,20.3,1001.3,1002.5,31.2,37.0,23.5,6.61,15.39,336,3.99,19.08,83.81,0
49,17.3,13.34,20.2,1000.5,1001.7,31.9,37.9,23.4,6.54,23.49,162,6.09,19.08,83.81,0
50,16.6,12.39,18.8,1002.0,1003.2,30.3,34.8,24.2,5.4,20.52,353,5.32,19.08,83.81,0
54,17.7,13.01,19.1,1001.6,1002.8,29.8,34.5,22.6,5.66,12.15,360,3.15,19.08,83.81,0
63,19.9,15.2,20.9,1001.3,1002.5,29.8,34.1,24.1,4.84,18.23,310,4.72,19.08,83.81,0
60,19.5,16.08,22.1,1000.8,1002.0,31.6,38.6,22.5,6.95,25.38,142,6.58,19.08,83.81,0
47,18.1,14.03,21.4,1000.0,1001.2,33.5,40.4,25.0,6.94,19.58,135,5.07,19.08,83.81,0
47,19.2,14.88,22.4,998.1,999.3,34.5,41.2,26.3,6.73,26.19,184,6.79,19.08,83.81,0
44,18.6,14.84,22.9,996.6,997.8,35.6,41.9,27.6,6.59,14.04,114,3.64,19.08,83.81,0
45,17.7,15.37,23.3,995.7,996.9,35.8,43.3,27.3,7.28,20.39,4,5.28,19.08,83.81,0
50,19.0,16.45,23.6,994.3,995.5,35.1,43.1,26.5,7.11,30.11,132,7.8,19.08,83.81,0
65,24.0,19.57,25.0,994.7,995.9,33.5,40.3,26.1,5.72,18.63,168,4.83,19.08,83.81,1
55,21.4,17.89,24.4,995.5,996.7,34.9,40.9,27.4,5.82,20.39,199,5.28,19.08,83.81,0
49,20.0,15.19,22.4,997.0,998.2,34.1,38.7,26.7,5.93,20.92,358,5.42,19.08,83.81,0
47,18.9,14.41,21.8,996.6,997.8,33.9,39.6,26.8,6.4,19.58,269,5.07,19.08,83.81,0
46,18.7,14.43,22.0,996.2,997.4,34.3,39.5,27.5,6.55,13.1,232,3.39,19.08,83.81,0
49,19.6,15.73,23.0,996.1,997.3,34.7,41.1,26.7,6.67,19.98,215,5.18,19.08,83.81,0
54,21.0,17.66,24.3,995.5,996.7,35.0,41.5,26.4,6.76,18.63,175,4.83,19.08,83.81,0
53,20.7,17.63,24.4,995.5,996.7,35.3,42.7,26.8,6.8,27.27,194,7.07,19.08,83.81,0
54,21.5,17.95,24.6,996.3,997.5,35.3,41.9,26.9,6.5,21.47,288,5.56,19.08,83.81,0
56,22.2,18.39,24.8,997.4,998.6,35.1,42.0,27.0,6.61,18.09,217,4.69,19.08,83.81,0
50,21.3,17.02,24.2,994.4,995.6,35.7,41.8,28.6,6.28,16.88,185,4.38,19.08,83.81,0
52,21.7,18.26,25.1,992.0,993.2,36.2,43.4,27.9,6.22,29.02,179,7.52,19.08,83.81,0
61,23.7,20.39,26.0,992.4,993.6,35.3,42.3,27.5,6.57,28.89,174,7.49,19.08,83.81,0
62,24.1,20.8,26.3,994.4,995.6,35.4,42.0,27.9,6.98,22.68,156,5.88,19.08,83.81,0
62,24.5,20.32,25.9,995.1,996.3,35.0,40.5,28.5,6.53,20.66,174,5.36,19.08,83.81,0
65,25.2,21.23,26.4,993.5,994.7,34.9,42.0,28.1,6.37,23.22,172,6.02,19.08,83.81,0
75,25.7,21.35,26.0,995.2,996.4,32.5,40.0,27.8,4.79,17.28,169,4.48,19.08,83.81,1
69,24.4,19.91,25.1,997.7,998.9,32.8,38.5,27.0,5.43,20.39,172,5.28,19.08,83.81,1
59,21.3,16.9,23.0,997.8,999.0,32.7,38.3,25.0,6.37,23.62,158,6.12,19.08,83.81,0
66,23.3,18.61,24.1,997.2,998.4,32.4,38.3,26.2,6.39,23.49,186,6.09,19.08,83.81,1
64,22.9,18.35,24.0,997.6,998.8,32.7,38.5,25.6,6.71,28.76,179,7.46,19.08,83.81,0
65,23.4,19.4,24.9,998.1,999.3,33.4,40.0,26.4,6.73,23.9,178,6.19,19.08,83.81,0
63,23.6,19.23,24.9,998.2,999.4,33.8,37.7,27.5,6.12,17.96,190,4.66,19.08,83.81,0
62,22.9,18.38,24.2,998.1,999.3,33.3,39.7,27.5,6.24,42.93,145,11.13,19.08,83.81,0
68,24.3,19.72,25.0,998.2,999.4,32.9,38.0,27.1,6.35,22.01,168,5.7,19.08,83.81,1
66,23.6,19.45,24.9,999.0,1000.2,33.2,38.5,26.3,6.57,21.33,169,5.53,19.08,83.81,0
73,24.4,19.63,24.7,999.5,1000.7,31.6,34.3,27.2,4.14,16.6,178,4.3,19.08,83.81,1
63,23.3,18.91,24.6,997.6,998.8,33.5,38.4,26.9,6.26,19.31,178,5.0,19.08,83.81,0
71,24.6,20.18,25.2,996.1,997.3,32.5,37.7,27.1,5.32,15.12,198,3.92,19.08,83.81,0
77,25.3,20.83,25.5,994.4,995.6,31.6,34.0,27.2,5.24,13.1,168,3.39,19.08,83.81,0
68,24.5,20.39,25.5,993.6,994.8,33.4,38.6,27.2,6.86,21.47,171,5.56,19.08,83.81,0
71,24.9,20.46,25.4,993.8,995.0,32.7,37.5,26.5,6.53,18.36,164,4.76,19.08,83.81,0
69,24.6,20.59,25.6,993.3,994.5,33.3,38.3,26.4,6.93,25.65,168,6.65,19.08,83.81,0
67,24.1,20.02,25.2,991.6,992.8,33.3,38.2,26.4,6.84,24.16,179,6.26,19.08,83.81,0
63,23.5,19.61,25.1,989.8,991.0,34.0,39.2,26.4,6.23,17.28,54,4.48,19.08,83.81,0
68,25.3,20.85,25.8,988.6,989.8,33.7,38.4,28.3,5.27,20.66,131,5.36,19.08,83.81,0
66,25.0,20.98,26.0,986.7,987.9,34.3,37.9,28.3,3.45,17.82,317,4.62,19.08,83.81,0
57,24.0,20.62,26.5,985.6,986.8,36.6,42.8,29.5,5.23,27.27,160,7.07,19.08,83.81,0
59,24.4,21.56,27.1,987.2,988.4,36.8,44.2,28.5,6.53,31.05,170,8.05,19.08,83.81,0
67,26.2,22.63,27.3,988.8,990.0,35.4,43.1,29.0,6.65,43.2,159,11.2,19.08,83.81,1
63,26.0,22.33,27.4,990.5,991.7,36.3,42.4,29.4,6.76,26.06,165,6.76,19.08,83.81,0
68,26.5,22.9,27.5,992.0,993.2,35.4,42.4,30.2,6.71,26.46,167,6.86,19.08,83.81,0
67,25.9,22.4,27.2,993.2,994.4,35.3,40.1,29.8,6.95,25.52,166,6.61,19.08,83.81,0
78,26.6,22.61,26.9,994.7,995.9,32.8,39.2,28.3,5.29,21.74,189,5.64,19.08,83.81,1
79,25.9,21.36,25.9,994.9,996.1,31.6,35.9,26.9,5.34,14.04,155,3.64,19.08,83.81,1
83,26.6,22.2,26.5,995.0,996.2,31.4,37.0,27.8,4.62,18.5,166,4.79,19.08,83.81,1
72,24.9,20.13,25.1,995.2,996.4,32.2,35.9,27.4,6.02,13.77,162,3.57,19.08,83.81,1
67,23.8,19.04,24.4,995.2,996.4,32.5,38.1,25.8,6.85,14.85,171,3.85,19.08,83.81,0
71,24.4,19.98,25.0,994.6,995.8,32.3,37.2,26.5,7.08,21.74,169,5.64,19.08,83.81,0
70,24.1,19.83,24.9,993.3,994.5,32.4,37.4,25.8,6.67,19.84,155,5.14,19.08,83.81,0
69,24.3,19.9,25.0,992.6,993.8,32.7,37.9,26.1,6.9,24.03,157,6.23,19.08,83.81,0
67,23.8,19.21,24.5,992.5,993.7,32.6,37.9,25.6,7.13,24.84,162,6.44,19.08,83.81,0
67,24.4,19.9,25.1,991.6,992.8,33.2,38.5,26.5,6.59,21.87,155,5.67,19.08,83.81,0
69,25.0,20.84,25.8,992.3,993.5,33.5,38.3,27.2,5.66,16.74,134,4.34,19.08,83.81,0
72,25.4,21.02,25.8,992.6,993.8,32.9,35.5,27.9,4.43,16.6,156,4.3,19.08,83.81,0
72,24.8,20.19,25.1,992.1,993.3,32.2,38.3,26.9,5.16,13.77,161,3.57,19.08,83.81,1
72,25.2,20.68,25.5,991.4,992.6,32.6,39.4,27.3,6.1,26.33,146,6.82,19.08,83.81,1
64,24.2,19.53,25.0,992.6,993.8,33.7,38.3,27.7,6.44,24.3,117,6.3,19.08,83.81,0
67,24.8,19.98,25.2,993.2,994.4,33.3,36.5,26.6,5.51,24.57,163,6.37,19.08,83.81,1
69,25.1,20.85,25.8,992.1,993.3,33.5,37.7,27.3,6.06,19.98,175,5.18,19.08,83.81,1
73,25.4,21.11,25.8,990.5,991.7,32.7,36.6,26.9,5.93,9.59,164,2.48,19.08,83.81,1
78,24.9,20.44,25.1,991.1,992.3,31.0,35.7,26.1,5.59,22.41,292,5.81,19.08,83.81,1
84,25.3,20.53,25.1,991.3,992.5,29.8,32.0,26.2,3.3,8.64,137,2.24,19.08,83.81,1
83,25.3,20.68,25.2,989.9,991.1,30.1,32.3,26.0,4.21,14.99,154,3.88,19.08,83.81,1
79,24.7,20.24,24.9,990.5,991.7,30.6,34.0,24.9,5.81,21.06,184,5.46,19.08,83.81,1
73,24.6,19.93,24.8,990.5,991.7,31.7,35.2,26.2,6.56,17.28,172,4.48,19.08,83.81,0
79,25.6,21.1,25.6,989.9,991.1,31.3,34.9,26.4,6.19,17.01,179,4.41,19.08,83.81,1
86,25.7,21.19,25.6,989.8,991.0,29.9,32.6,26.3,4.03,12.15,110,3.15,19.08,83.81,1
89,25.7,21.16,25.6,990.3,991.5,29.3,32.3,25.4,4.67,17.01,224,4.41,19.08,83.81,1
85,25.3,21.04,25.5,990.5,991.7,30.0,33.9,25.7,4.54,8.64,140,2.24,19.08,83.81,1
84,25.3,20.77,25.3,991.7,992.9,30.0,33.1,26.0,4.45,18.76,175,4.86,19.08,83.81,1
90,25.5,20.84,25.4,993.0,994.2,28.9,29.0,26.0,2.11,10.26,152,2.66,19.08,83.81,1
82,24.8,19.9,24.6,992.3,993.5,29.7,31.0,25.7,3.64,16.74,177,4.34,19.08,83.81,0
74,24.2,19.73,24.6,990.9,992.1,31.3,35.4,25.5,5.81,13.9,197,3.6,19.08,83.81,0
74,24.0,19.37,24.3,991.6,992.8,31.0,34.1,26.6,4.99,13.64,251,3.53,19.08,83.81,0
88,25.6,20.86,25.4,993.2,994.4,29.3,30.2,26.2,2.39,18.36,167,4.76,19.08,83.81,1
87,25.8,21.39,25.8,992.0,993.2,29.9,33.3,26.5,4.54,13.5,169,3.5,19.08,83.81,1
80,25.1,20.37,25.0,990.9,992.1,30.5,33.2,25.7,5.35,13.1,190,3.39,19.08,83.81,1
84,25.2,20.52,25.1,991.8,993.0,29.8,32.4,25.5,5.38,10.8,154,2.8,19.08,83.81,1
87,25.0,20.16,24.8,992.0,993.2,28.9,31.0,24.4,4.99,14.44,192,3.74,19.08,83.81,1
83,24.8,19.88,24.6,993.6,994.8,29.5,31.3,25.6,5.54,23.9,171,6.19,19.08,83.81,1
82,24.8,20.07,24.8,995.3,996.5,29.9,32.4,25.2,5.55,19.71,179,5.11,19.08,83.81,1
83,25.1,20.36,25.0,993.4,994.6,29.9,31.1,26.2,4.8,16.07,183,4.16,19.08,83.81,1
89,25.4,20.77,25.3,991.1,992.3,29.0,31.1,25.0,4.41,14.04,157,3.64,19.08,83.81,1
88,25.4,20.7,25.2,989.2,990.4,29.1,30.3,25.3,4.0,12.02,149,3.12,19.08,83.81,1
87,25.4,20.99,25.4,987.4,988.6,29.5,32.0,25.1,5.31,12.28,135,3.18,19.08,83.81,1
90,25.2,20.58,25.1,987.7,988.9,28.6,31.2,25.2,4.39,17.01,215,4.41,19.08,83.81,1
87,25.2,20.72,25.2,988.5,989.7,29.3,33.0,24.8,5.98,24.03,180,6.23,19.08,83.81,1
87,25.6,21.07,25.5,989.1,990.3,29.6,32.7,25.6,5.6,21.2,167,5.49,19.08,83.81,1
94,25.5,20.62,25.2,988.0,989.2,27.9,27.9,25.5,2.4,9.05,101,2.34,19.08,83.81,1
89,25.4,20.91,25.3,984.4,985.6,29.0,31.3,25.3,3.75,20.52,17,5.32,19.08,83.81,1
88,25.3,20.67,25.1,984.8,986.0,29.0,31.1,25.2,3.49,15.39,161,3.99,19.08,83.81,1
84,24.3,19.43,24.1,987.3,988.5,28.8,29.9,25.3,2.64,20.92,179,5.42,19.08,83.81,1
84,24.4,19.62,24.3,989.5,990.7,29.0,31.5,24.9,4.08,16.88,180,4.38,19.08,83.81,1
85,24.7,19.86,24.5,989.5,990.7,29.0,32.0,25.0,3.39,14.31,166,3.71,19.08,83.81,1
88,24.6,19.77,24.4,987.4,988.6,28.3,30.7,25.1,2.86,14.72,161,3.82,19.08,83.81,1
85,24.3,19.57,24.2,986.1,987.3,28.7,31.4,24.8,3.51,16.74,170,4.34,19.08,83.81,1
83,24.7,20.28,24.8,985.6,986.8,29.7,32.8,25.1,3.68,13.77,160,3.57,19.08,83.81,1
83,24.9,20.27,24.8,986.1,987.3,29.7,32.6,25.2,4.33,16.47,174,4.27,19.08,83.81,1
81,24.6,20.11,24.7,987.0,988.2,30.0,34.3,25.1,6.17,15.12,212,3.92,19.08,83.81,1
86,25.7,21.33,25.7,988.7,989.9,30.0,33.2,25.7,5.9,11.61,174,3.01,19.08,83.81,1
88,25.4,20.89,25.4,991.4,992.6,29.3,32.1,25.1,4.47,10.94,164,2.83,19.08,83.81,1
88,25.9,21.39,25.8,991.6,992.8,29.7,32.6,25.8,4.39,13.37,165,3.46,19.08,83.81,1
89,25.7,21.14,25.6,991.3,992.5,29.3,30.3,25.9,2.65,11.21,164,2.9,19.08,83.81,1
84,24.6,19.7,24.4,991.5,992.7,29.1,30.8,25.5,3.49,13.77,179,3.57,19.08,83.81,1
83,24.8,20.13,24.8,993.1,994.3,29.7,32.6,25.3,4.59,14.31,176,3.71,19.08,83.81,1
82,25.1,20.33,25.0,994.4,995.6,30.1,33.1,25.1,4.73,10.8,177,2.8,19.08,83.81,0
87,25.3,20.7,25.3,994.9,996.1,29.4,32.1,25.3,4.46,11.07,131,2.87,19.08,83.81,1
91,25.2,20.45,25.1,993.3,994.5,28.4,30.8,25.3,2.92,13.64,105,3.53,19.08,83.81,1
89,25.0,20.13,24.8,992.5,993.7,28.5,31.1,25.3,4.17,9.32,136,2.42,19.08,83.81,1
88,25.1,20.36,25.0,993.7,994.9,28.9,31.9,24.8,4.78,10.8,151,2.8,19.08,83.81,1
85,25.2,20.46,25.1,995.0,996.2,29.6,32.7,24.5,5.31,8.64,132,2.24,19.08,83.81,1
86,25.5,20.7,25.3,995.2,996.4,29.6,33.0,25.2,6.02,8.91,152,2.31,19.08,83.81,1
80,24.7,19.96,24.7,993.8,995.0,30.2,33.5,24.7,6.08,11.74,131,3.04,19.08,83.81,1
84,25.3,20.72,25.3,994.1,995.3,30.0,33.6,24.5,6.19,11.88,176,3.08,19.08,83.81,1
88,25.9,21.32,25.8,995.0,996.2,29.7,32.8,25.8,5.25,8.91,140,2.31,19.08,83.81,1
88,25.6,21.07,25.6,995.0,996.2,29.5,32.0,25.7,4.6,13.23,153,3.43,19.08,83.81,1
88,25.9,21.08,25.6,994.2,995.4,29.5,30.9,25.8,3.85,13.64,169,3.53,19.08,83.81,1
88,25.3,20.6,25.2,993.8,995.0,29.1,31.5,25.0,4.68,12.42,87,3.22,19.08,83.81,1
88,25.2,20.33,25.0,994.8,996.0,28.9,31.9,25.0,3.99,15.39,131,3.99,19.08,83.81,1
90,25.5,20.66,25.3,995.5,996.7,28.8,30.5,25.1,4.25,8.78,115,2.28,19.08,83.81,1
89,25.3,20.45,25.1,994.6,995.8,28.8,31.0,25.2,3.95,12.96,165,3.36,19.08,83.81,1
86,25.4,20.58,25.2,994.9,996.1,29.5,33.6,24.8,5.21,12.69,169,3.29,19.08,83.81,1
84,24.9,20.18,24.9,996.5,997.7,29.6,33.7,24.9,5.46,18.5,181,4.79,19.08,83.81,1
91,25.1,20.27,25.0,996.0,997.2,28.3,28.6,25.0,2.58,9.45,111,2.45,19.08,83.81,1
90,25.1,20.18,24.9,995.6,996.8,28.4,29.5,25.0,3.27,15.39,167,3.99,19.08,83.81,1
90,25.3,20.55,25.2,994.9,996.1,28.7,29.7,25.7,2.86,19.71,174,5.11,19.08,83.81,1
81,24.2,19.4,24.2,993.5,994.7,29.5,32.9,25.1,5.85,12.69,191,3.29,19.08,83.81,1
80,24.1,19.17,24.0,993.0,994.2,29.5,32.4,24.8,5.19,13.5,188,3.5,19.08,83.81,0
85,24.8,20.22,24.9,994.9,996.1,29.4,32.3,24.4,5.57,7.29,130,1.89,19.08,83.81,1
91,24.7,19.7,24.5,995.1,996.3,27.8,28.4,24.8,2.49,8.51,90,2.2,19.08,83.81,1
92,24.5,19.37,24.2,992.9,994.1,27.3,28.5,24.5,2.12,19.17,360,4.97,19.08,83.81,1
84,24.2,19.46,24.2,991.9,993.1,28.9,32.1,24.1,4.52,18.09,1,4.69,19.08,83.81,1
80,24.4,19.46,24.2,989.5,990.7,29.7,31.8,25.4,5.07,25.11,6,6.51,19.08,83.81,1
85,24.6,19.71,24.4,990.8,992.0,28.9,31.3,24.5,5.41,32.54,159,8.44,19.08,83.81,1
81,24.0,19.06,23.9,993.3,994.5,29.2,30.7,25.1,5.58,22.28,165,5.78,19.08,83.81,0
85,24.3,19.28,24.1,995.0,996.2,28.6,30.5,24.1,4.75,24.16,169,6.26,19.08,83.81,1
85,24.3,19.43,24.2,993.5,994.7,28.7,32.0,24.0,5.37,21.6,179,5.6,19.08,83.81,1
89,25.1,20.5,25.1,992.2,993.4,28.8,31.9,24.7,4.84,9.32,29,2.42,19.08,83.81,1
89,25.0,20.25,24.9,992.8,994.0,28.6,31.2,24.4,4.46,14.04,44,3.64,19.08,83.81,1
89,25.0,20.25,24.9,992.5,993.7,28.6,30.5,24.9,3.42,16.6,22,4.3,19.08,83.81,1
88,24.7,19.71,24.4,990.6,991.8,28.3,31.6,25.0,2.69,19.31,23,5.0,19.08,83.81,1
90,25.1,20.23,24.8,987.4,988.6,28.3,30.0,24.8,3.08,9.86,112,2.55,19.08,83.81,1
82,24.9,20.44,25.0,989.1,990.3,30.1,33.3,25.2,6.09,18.09,190,4.69,19.08,83.81,0
82,25.0,20.61,25.2,992.6,993.8,30.3,33.3,24.9,5.01,10.94,197,2.83,19.08,83.81,0
85,25.7,20.96,25.5,994.2,995.4,30.0,32.7,25.1,5.25,8.37,128,2.17,19.08,83.81,0
84,25.2,20.61,25.2,993.6,994.8,29.9,33.0,25.5,4.75,10.53,66,2.73,19.08,83.81,1
83,24.9,20.26,24.9,992.4,993.6,29.8,33.1,25.3,5.39,17.82,7,4.62,19.08,83.81,1
77,23.3,18.46,23.4,992.2,993.4,29.5,32.7,24.2,4.12,21.2,0,5.49,19.08,83.81,0
74,23.1,18.16,23.2,991.7,992.9,29.9,31.9,24.7,5.59,17.55,253,4.55,19.08,83.81,0
81,24.2,19.19,24.0,992.5,993.7,29.3,32.2,25.1,5.29,15.52,166,4.02,19.08,83.81,1
85,24.7,20.12,24.8,993.8,995.0,29.3,33.2,24.8,6.19,9.32,59,2.42,19.08,83.81,1
88,25.0,20.21,24.9,994.8,996.0,28.8,31.6,24.7,4.73,9.86,11,2.55,19.08,83.81,1
85,24.9,20.0,24.7,994.3,995.5,29.2,32.7,24.7,5.17,15.39,25,3.99,19.08,83.81,1
87,24.8,20.1,24.8,994.8,996.0,28.9,32.9,24.0,5.77,17.14,342,4.44,19.08,83.81,1
83,24.6,19.88,24.6,993.8,995.0,29.5,33.9,23.6,6.02,14.72,359,3.82,19.08,83.81,0
88,25.0,20.36,25.0,993.6,994.8,28.9,31.9,24.5,3.95,18.5,22,4.79,19.08,83.81,1
91,25.1,20.35,25.0,992.5,993.7,28.3,29.9,24.8,2.83,11.61,27,3.01,19.08,83.81,1
89,24.9,20.0,24.7,992.9,994.1,28.4,30.5,24.6,3.39,21.47,169,5.56,19.08,83.81,1
88,24.6,19.63,24.4,994.2,995.4,28.3,29.2,25.4,3.78,23.36,163,6.06,19.08,83.81,1
88,24.6,19.69,24.5,997.0,998.2,28.4,29.2,25.0,3.8,23.76,171,6.16,19.08,83.81,1
81,24.4,19.64,24.5,998.7,999.9,29.8,33.1,24.5,6.09,21.2,181,5.49,19.08,83.81,0
86,25.4,20.49,25.2,999.5,1000.7,29.5,32.8,24.7,5.09,10.53,191,2.73,19.08,83.81,0
86,25.4,20.62,25.3,999.0,1000.2,29.6,33.4,25.3,5.6,14.44,146,3.74,19.08,83.81,1
84,25.9,21.53,26.0,996.6,997.8,30.7,34.1,24.5,6.01,8.51,88,2.2,19.08,83.81,1
88,25.5,20.67,25.3,996.1,997.3,29.2,31.2,25.4,3.89,13.64,88,3.53,19.08,83.81,1
85,25.2,20.58,25.2,995.1,996.3,29.7,32.9,24.6,5.37,15.8,104,4.1,19.08,83.81,1
72,23.1,18.33,23.5,995.9,997.1,30.6,35.1,24.8,6.08,15.66,30,4.06,19.08,83.81,0
67,22.0,17.12,22.6,997.3,998.5,30.7,34.1,24.0,6.17,8.91,21,2.31,19.08,83.81,0
75,23.2,18.16,23.3,999.2,1000.4,29.8,34.5,25.0,5.6,19.71,141,5.11,19.08,83.81,0
84,24.2,19.16,24.1,1001.2,1002.4,28.8,31.1,24.7,4.82,9.32,174,2.42,19.08,83.81,1
86,24.4,19.26,24.2,1001.8,1003.0,28.5,31.1,24.0,4.54,17.69,186,4.58,19.08,83.81,1
83,23.8,18.95,23.9,1000.2,1001.4,28.8,33.0,23.7,5.52,20.12,180,5.22,19.08,83.81,0
80,23.5,18.71,23.7,999.1,1000.3,29.2,33.0,22.8,5.75,15.93,168,4.13,19.08,83.81,0
78,23.5,18.79,23.8,999.1,1000.3,29.7,33.4,23.3,5.82,15.39,168,3.99,19.08,83.81,0
77,23.6,18.64,23.7,1000.0,1001.2,29.8,33.6,24.3,5.73,17.42,178,4.51,19.08,83.81,0
79,23.8,18.9,23.9,1000.1,1001.3,29.6,33.4,23.3,5.74,12.96,197,3.36,19.08,83.81,0
85,24.2,19.41,24.3,1000.1,1001.3,28.8,32.8,24.3,4.64,14.58,313,3.78,19.08,83.81,1
81,23.9,18.94,23.9,999.7,1000.9,29.2,32.7,23.8,5.13,13.37,269,3.46,19.08,83.81,0
82,24.3,19.41,24.3,999.2,1000.4,29.4,33.0,23.5,5.0,9.45,230,2.45,19.08,83.81,1
85,24.5,19.54,24.4,999.5,1000.7,28.9,31.7,24.5,4.57,13.23,159,3.43,19.08,83.81,1
82,24.4,19.52,24.4,999.5,1000.7,29.5,33.0,23.8,5.22,13.77,178,3.57,19.08,83.81,0
83,23.9,19.16,24.1,1000.7,1001.9,29.0,34.0,24.2,5.14,22.14,158,5.74,19.08,83.81,1
88,23.7,18.57,23.6,1001.9,1003.1,27.5,28.8,23.0,3.27,18.23,3,4.72,19.08,83.81,0
73,21.8,16.92,22.2,1001.2,1002.4,29.1,32.9,23.2,5.5,11.34,341,2.94,19.08,83.81,0
68,20.3,15.58,21.0,1000.4,1001.6,28.9,33.7,22.8,5.89,11.74,354,3.04,19.08,83.81,0
62,18.4,13.73,19.2,998.2,999.4,28.3,33.3,21.0,5.82,27.81,2,7.21,19.08,83.81,0
67,20.4,15.25,20.6,995.3,996.5,28.7,33.2,22.4,4.3,27.94,9,7.24,19.08,83.81,0
75,22.5,17.49,22.6,995.4,996.6,29.1,31.8,24.6,3.31,16.07,24,4.16,19.08,83.81,0
74,21.7,16.84,22.0,996.5,997.7,28.7,31.7,23.1,4.22,22.14,17,5.74,19.08,83.81,0
77,22.6,17.73,22.8,996.8,998.0,28.9,33.0,22.8,5.5,17.14,171,4.44,19.08,83.81,0
84,23.7,18.78,23.7,997.3,998.5,28.4,32.9,23.5,4.68,19.84,173,5.14,19.08,83.81,0
84,23.9,19.1,24.0,998.5,999.7,28.7,32.1,23.8,4.95,10.26,146,2.66,19.08,83.81,0
80,23.4,18.7,23.7,999.9,1001.1,29.2,33.1,24.1,5.15,17.14,184,4.44,19.08,83.81,0
76,22.8,18.05,23.2,1001.0,1002.2,29.5,33.5,23.6,5.41,15.52,165,4.02,19.08,83.81,0
80,23.4,18.33,23.4,1002.2,1003.4,28.9,32.6,24.0,4.94,19.31,63,5.0,19.08,83.81,0
75,22.0,17.16,22.4,1002.6,1003.8,28.9,32.5,23.5,5.25,19.71,181,5.11,19.08,83.81,0
67,19.1,14.6,20.0,1002.8,1004.0,28.1,32.8,21.7,5.63,11.61,329,3.01,19.08,83.81,0
62,17.2,12.89,18.2,1001.9,1003.1,27.3,31.9,21.1,5.68,11.34,14,2.94,19.08,83.81,0
58,16.8,12.34,17.8,1002.2,1003.4,27.7,32.4,20.9,5.54,12.02,314,3.12,19.08,83.81,0
69,19.6,14.87,20.2,1002.4,1003.6,27.9,32.8,20.2,5.2,10.8,5,2.8,19.08,83.81,0
70,20.5,15.64,21.0,1002.4,1003.6,28.5,32.6,21.7,4.97,14.85,326,3.85,19.08,83.81,0
71,20.3,15.58,20.9,1002.5,1003.7,28.2,32.5,21.8,5.07,10.4,355,2.7,19.08,83.81,0
65,18.6,14.0,19.4,1002.5,1003.7,27.9,33.0,20.6,5.43,11.48,354,2.97,19.08,83.81,0
63,17.8,13.25,18.6,1002.3,1003.5,27.5,33.2,20.0,5.44,17.42,8,4.51,19.08,83.81,0
63,17.8,13.17,18.5,1001.9,1003.1,27.4,32.3,18.7,4.43,18.23,12,4.72,19.08,83.81,0
69,20.0,14.97,20.3,1001.6,1002.8,28.0,32.5,22.3,3.71,16.6,359,4.3,19.08,83.81,0
73,20.7,15.95,21.2,1001.0,1002.2,28.1,32.5,22.0,4.86,12.15,7,3.15,19.08,83.81,0
70,20.0,15.09,20.4,1002.4,1003.6,27.9,32.4,21.4,5.2,14.04,357,3.64,19.08,83.81,0
69,18.9,14.09,19.3,1002.6,1003.8,27.0,31.4,21.1,5.15,16.6,37,4.3,19.08,83.81,0
63,16.0,11.96,16.9,1002.2,1003.4,25.8,30.9,20.0,5.31,7.83,23,2.03,19.08,83.81,0
65,15.6,11.47,16.1,1002.6,1003.8,24.6,29.6,18.2,5.36,9.99,353,2.59,19.08,83.81,0
66,15.3,11.36,15.9,1003.3,1004.5,24.2,29.8,17.4,5.31,12.02,341,3.12,19.08,83.81,0
65,14.5,10.84,15.2,1004.0,1005.2,23.7,29.2,16.5,5.33,10.53,15,2.73,19.08,83.81,0
65,14.1,10.52,14.7,1003.4,1004.6,23.2,28.2,16.4,5.34,6.62,22,1.72,19.08,83.81,0
68,15.3,11.15,15.5,1003.2,1004.4,23.4,28.2,16.7,5.21,7.29,8,1.89,19.08,83.81,0
67,15.1,11.12,15.5,1003.0,1004.2,23.6,28.7,17.3,5.23,9.45,17,2.45,19.08,83.81,0
69,15.7,11.38,15.8,1003.9,1005.1,23.5,28.5,16.6,5.1,12.15,36,3.15,19.08,83.81,0
71,15.9,11.64,16.1,1004.0,1005.2,23.4,28.3,17.1,5.01,7.16,25,1.85,19.08,83.81,0
71,15.7,11.5,15.9,1003.5,1004.7,23.2,28.8,16.3,4.7,11.61,346,3.01,19.08,83.81,0
67,14.5,10.78,15.0,1003.1,1004.3,23.1,29.3,16.3,5.1,11.74,356,3.04,19.08,83.81,0
67,13.7,10.34,14.3,1002.2,1003.4,22.4,28.9,15.4,4.58,15.39,5,3.99,19.08,83.81,0
64,14.1,10.44,14.6,1001.9,1003.1,23.3,28.9,15.2,4.68,21.6,358,5.6,19.08,83.81,0
79,18.1,13.15,17.9,1001.9,1003.1,23.6,24.6,20.4,2.08,20.66,341,5.36,19.08,83.81,1
82,20.5,15.07,20.1,1000.6,1001.8,25.2,27.6,21.0,2.02,18.09,343,4.69,19.08,83.81,0
81,20.7,15.45,20.5,999.5,1000.7,25.8,28.0,21.9,2.57,20.92,353,5.42,19.08,83.81,1
82,20.8,15.55,20.6,1000.0,1001.2,25.7,27.5,21.8,2.59,17.69,333,4.58,19.08,83.81,1
79,20.8,15.58,20.7,1002.2,1003.4,26.4,28.8,22.4,2.86,14.85,352,3.85,19.08,83.81,0
74,20.0,14.94,20.1,1002.2,1003.4,26.8,31.1,21.4,4.55,11.88,121,3.08,19.08,83.81,0
78,20.6,15.57,20.7,1002.5,1003.7,26.6,31.4,20.8,4.58,13.23,135,3.43,19.08,83.81,0
78,20.5,15.67,20.8,1001.8,1003.0,26.7,31.1,20.7,4.53,18.63,70,4.83,19.08,83.81,0
84,21.2,16.0,21.1,1001.7,1002.9,25.8,30.1,20.3,3.89,18.9,180,4.9,19.08,83.81,0
88,21.9,16.66,21.8,1001.8,1003.0,25.7,29.6,21.4,3.77,20.25,166,5.25,19.08,83.81,1
83,21.5,16.39,21.5,1001.6,1002.8,26.4,30.4,20.7,4.19,5.13,151,1.33,19.08,83.81,0
77,19.6,14.73,19.8,1002.2,1003.4,25.9,30.0,20.6,3.85,15.12,16,3.92,19.08,83.81,0
71,17.7,12.84,17.7,1003.2,1004.4,25.0,29.2,19.2,4.25,12.69,353,3.29,19.08,83.81,0
73,16.3,12.05,16.6,1002.8,1004.0,23.5,28.0,16.5,4.75,9.32,37,2.42,19.08,83.81,0
70,15.3,11.27,15.6,1003.3,1004.5,23.1,28.0,16.5,4.74,7.56,5,1.96,19.08,83.81,0
70,15.0,11.05,15.3,1004.7,1005.9,22.8,28.6,15.8,4.82,9.99,356,2.59,19.08,83.81,0
68,13.7,10.2,14.1,1005.5,1006.7,22.0,27.3,14.8,4.88,9.05,349,2.34,19.08,83.81,0
66,12.2,9.49,13.0,1004.3,1005.5,21.3,27.8,14.0,4.94,9.99,15,2.59,19.08,83.81,0
68,14.1,10.61,14.7,1003.1,1004.3,22.6,28.9,14.1,4.21,9.59,86,2.48,19.08,83.81,0
76,18.2,13.36,18.2,1002.1,1003.3,24.5,29.3,18.1,3.16,15.8,21,4.1,19.08,83.81,1
81,19.5,14.41,19.4,1002.4,1003.6,24.7,27.4,20.6,2.2,18.36,351,4.76,19.08,83.81,1
95,20.5,15.17,20.4,1001.5,1002.7,22.9,22.1,20.6,0.72,17.28,339,4.48,19.08,83.81,1
85,18.6,13.55,18.4,1001.9,1003.1,22.9,24.6,18.8,2.19,20.12,346,5.22,19.08,83.81,1
78,17.1,12.42,17.0,1002.6,1003.8,22.9,28.0,17.0,4.65,14.58,355,3.78,19.08,83.81,0
75,17.1,12.38,17.0,1003.2,1004.4,23.5,26.3,17.5,2.53,15.93,356,4.13,19.08,83.81,0
83,18.0,13.04,17.8,1003.9,1005.1,22.7,24.3,19.5,2.19,18.5,334,4.79,19.08,83.81,1
91,18.9,13.77,18.8,1005.4,1006.6,22.1,23.0,18.9,1.6,17.55,328,4.55,19.08,83.81,1
85,19.6,14.43,19.5,1007.3,1008.5,24.0,28.2,18.6,4.29,10.12,341,2.62,19.08,83.81,0
78,18.4,13.64,18.6,1007.5,1008.7,24.5,30.0,18.6,4.5,11.48,342,2.97,19.08,83.81,0
70,15.2,11.16,15.5,1006.5,1007.7,23.0,28.9,16.8,4.77,8.64,174,2.24,19.08,83.81,0
72,16.1,11.77,16.3,1006.2,1007.4,23.4,29.0,16.9,4.73,4.46,97,1.15,19.08,83.81,0
75,17.9,13.21,18.1,1006.0,1007.2,24.6,29.7,18.5,4.59,7.43,40,1.92,19.08,83.81,0
75,17.3,12.73,17.5,1006.2,1007.4,24.0,28.6,18.2,4.52,13.1,5,3.39,19.08,83.81,0
